Линолеум Magnit Boyard 1 _ 619M шир. 3,5 м;1435;350;2.0;0.2;КМ5;IDEAL;https://polov.net/catalog/household/linoleum_magnit_boyard_1_619m_shir_3_5_m/;https://polov.net/upload/iblock/bce/y09c1he6h00ym8bi381n7p1m5ylrhhcl.jpeg
Линолеум Magnit Boyard 2 _ 193M шир. 3,5 м;1435;350;2.0;0.2;КМ5;IDEAL;https://polov.net/catalog/household/linoleum_magnit_boyard_2_193m_shir_3_m/;https://polov.net/upload/iblock/69d/1a4r9ibluw8jqllio433wfl4u2znjpyj.jpeg
Линолеум IVC CENTRA БАРИ Т95 шир. 4 м;4840;400;2.0;0.7;КМ2;IVC;https://polov.net/catalog/commercial/linoleum_ivc_centra_bari_t95_shir_3_m/;https://polov.net/upload/iblock/b4f/jk9d9wn7044g963nmlf7n61ckxhzn7mj.jpeg
Линолеум Magnit Boyard 1 _ 619M шир. 3 м;1230;300;2.0;0.2;КМ5;IDEAL;https://polov.net/catalog/household/linoleum_magnit_boyard_1_619m_shir_3_m/;https://polov.net/upload/iblock/06a/fio7735vwtiqb4wo1a9altyi9wt5y8pb.jpeg
Линолеум Magnit Aventura 5 _ 116L шир. 3 м;1230;300;2.0;0.2;КМ5;IDEAL;https://polov.net/catalog/household/linoleum_magnit_aventura_5_116l_shir_3_m/;https://polov.net/upload/iblock/6d0/kjgg9dc27pej1nkpp6gc3c2bm20pq4s4.jpeg
Линолеум IDEAL CONSUL ELEGANT OAK 1 169L шир. 3 м;2970;300;4.8;0.4;КМ5;IDEAL;https://polov.net/catalog/household/linoleum_ideal_stars_pure_oak_1_7182_shir_5_m_1/;https://polov.net/local/templates/new_toptygin/components/bitrix/catalog/new_toptygin/bitrix/catalog.element/page/images/no_photo.png
Линолеум TARKETT GLADIATOR AVENTURA 2 шир. 3,5 м;4018;350;4.5;0.35;КМ5;Tarkett;https://polov.net/catalog/household/linoleum_tarkett_gladiator_aventura_2_shir_4_m/;https://polov.net/upload/iblock/5ad/7unihto9npnykf16zc2900epv1xm4e0z.jpeg
Линолеум JUTEKS FORUM FLINT 1 шир. 2,5 м;2625;250;4.8;0.4;КМ5;Ютекс;https://polov.net/catalog/household/linoleum_juteks_forum_flint_1_shir_4_m/;https://polov.net/upload/iblock/61c/shyvwx2c3vpbyytfbn7sd1x26uaaxxra.jpeg
Линолеум IVC MARS MUSIC 652 шир. 2 м;1900;200;2.3;0.6;КМ2;IVC;https://polov.net/catalog/semi-commercial/linoleum_ivc_mars_music_652_shir_4_m/;https://polov.net/upload/iblock/aa0/ntt93dc9s2bs51qz3wrearff0onbwk5u.jpeg
Линолеум JUTEKS IMPREZO TOWER 236M шир. 4м;2760;400;4.5;0.4;;Ютекс;https://polov.net/catalog/household/linoleum_juteks_imprezo_tower_236m_shir_4m/;https://polov.net/upload/iblock/afb/g02l0lwd8p3wsltkxd8zjvhl56fkkldl.jpeg
Линолеум ТЕКСТУРА PETERGOF TISA 5, шир. 2,5 м;1250;250;0;0.15;КМ5;Текстура;https://polov.net/catalog/household/linoleum_tekstura_petergof_tisa_5_shir_3_m/;https://polov.net/upload/iblock/95d/ik351htax0nklpy9xy4bq8fxnxgr8nz0.png
Линолеум TARKETT EUROPE AKRON 6 шир. 2,5 м;2125;250;3.0;0.25;КМ5;Tarkett;https://polov.net/catalog/household/linoleum_tarkett_europe_akron_6_shir_3_m/;https://polov.net/local/templates/new_toptygin/components/bitrix/catalog/new_toptygin/bitrix/catalog.element/page/images/no_photo.png
Линолеум TARKETT GLADIATOR FORMOSA 2 шир. 3 м;3444;300;4.5;0.35;КМ5;Tarkett;https://polov.net/catalog/household/linoleum_tarkett_gladiator_formosa_2_shir_3_m/;https://polov.net/upload/iblock/a84/3phhcvnzioiffcsnzjfgyw9c72ouj2zj.jpeg
Линолеум TARKETT GLADIATOR GLORIOSA 1 шир. 3 м;3444;300;4.5;0.35;КМ5;Tarkett;https://polov.net/catalog/household/linoleum_tarkett_gladiator_gloriosa_1_shir_3_m/;https://polov.net/local/templates/new_toptygin/components/bitrix/catalog/new_toptygin/bitrix/catalog.element/page/images/no_photo.png
Линолеум TARKETT GLADIATOR MUSKAT 9 шир. 3 м;3444;300;4.5;0.35;КМ5;Tarkett;https://polov.net/catalog/household/linoleum_tarkett_gladiator_muskat_9_shir_3_m/;https://polov.net/upload/iblock/220/al0cn4a0b81ycqe1vbtycbzhtf29edxs.jpeg
Линолеум Emerald Standart, шир 2м;1900;200;2.0;0.7;КМ2;Forbo;https://polov.net/catalog/commercial/linoleum_emerald_standart_shir_2m/;https://polov.net/upload/iblock/b06/up7akawh49d5trrz8j76rmsts75jx3zl.jpeg
Линолеум IDEAL STARS PURE OAK 1 7182 шир. 5 м;8750;500;0;0.4;КМ5;IDEAL;https://polov.net/catalog/household/linoleum_ideal_stars_pure_oak_1_7182_shir_5_m/;https://polov.net/upload/iblock/80e/iitee4uwasoyvu4lmo93ntuc7drgv2sc.jpeg
Линолеум IDEAL STARS CRACKED OAK 016L шир. 5 м;8750;500;2.9;0;КМ5;IDEAL;https://polov.net/catalog/household/linoleum_ideal_stars_cracked_oak_016l_shir_5_m/;https://polov.net/upload/iblock/d91/m2jj4pii1lizj9uugh24awr61zfy5dgl.jpeg
Линолеум IDEAL STARS KANSAS 1 697D шир. 5 м;8750;500;2.9;0.4;КМ5;IDEAL;https://polov.net/catalog/household/linoleum_ideal_stars_kansas_1_697d_shir_5_m/;https://polov.net/upload/iblock/e0b/i20aavzcbm58rppbyvz7jgstli7et6gj.jpeg
7801 Форест 1 Форум, Линолеум, шир.3 м;3150;300;4.3;0.4;КМ5;Ютекс;https://polov.net/catalog/household/7801_forest_1_forum_linoleum_shir_3_m/;https://polov.net/upload/iblock/a02/whhbbvxn46so3y1aeao9kaz6uw7ufey0.jpeg
Линолеум JUTEKS FORUM FOREST 1 7801 шир. 2,5 м;2625;250;4.8;0.4;КМ5;Ютекс;https://polov.net/catalog/household/linoleum_juteks_forum_forest_1_7801_shir_4_m/;https://polov.net/upload/iblock/52e/v2fny16j3hwa7snzrn0kj2w322ug96t3.jpeg
Линолеум JUTEKS FORUM FLINT 2 шир. 2,5 м;2625;250;4.8;0.4;КМ5;Ютекс;https://polov.net/catalog/household/linoleum_juteks_forum_flint_2_shir_3_m/;https://polov.net/upload/iblock/e52/was28xjmmj9os9i60hwjwvdm2i8aozp5.jpeg
Линолеум JUTEKS FORUM FOREST 3 916L шир. 2,5 м;2625;250;4.8;0.4;КМ5;Ютекс;https://polov.net/catalog/household/linoleum_juteks_forum_forest_3_916l_shir_3_m/;https://polov.net/upload/iblock/738/qvvcnt1z59x64tnelk3tmqg7av2b4hqi.jpeg
Линолеум JUTEKS STRONG PLUS FRESCO 3  шир. 2,5 м;2275;250;2.5;0.6;КМ2;Ютекс;https://polov.net/catalog/semi-commercial/linoleum_juteks_strong_plus_fresco_3_shir_3_m/;https://polov.net/upload/iblock/85f/wvj6nzcrsnq5ee1892q3b00jiyjuhgue.jpeg
Линолеум JUTEKS STRONG PLUS TOLEDO 8 601 шир. 3 м;2730;300;2.5;0.6;;Ютекс;https://polov.net/catalog/semi-commercial/linoleum_juteks_strong_plus_toledo_8_601_shir_3_m/;https://polov.net/upload/iblock/1e4/41p2pnxbrvdy1i4ouhzaxi38n09x6ec3.png
Линолеум JUTEKS SENATOR WAGNER 1 шир. 2,5 м;2850;250;4.8;0.4;КМ5;Ютекс;https://polov.net/catalog/household/linoleum_juteks_senator_wagner_1_shir_3_m/;https://polov.net/upload/iblock/840/xd7nl2qjckfe9ext8p7m2bj02ghawykd.jpeg
Линолеум JUTEKS RESPECT GALA 1211 шир. 3,5 м;1733;350;2.2;0.4;КМ2;Ютекс;https://polov.net/catalog/semi-commercial/linoleum_juteks_respect_gala_1211_shir_3_5_m/;https://polov.net/upload/iblock/b16/aqw3f1f9oribyse9u3rq688qgb8kaybf.png
Линолеум JUTEKS PREMIUM NEVADA 1 9002 шир. 3 м;3360;300;2.0;0.7;КМ2;Ютекс;https://polov.net/catalog/commercial/linoleum_juteks_premium_nevada_1_9002_shir_3_m/;https://polov.net/upload/iblock/dd0/y2b7rq4stfum35pw19r2p6c2m93bsd6p.jpeg
Линолеум JUTEKS MASTER HAVANNA OAK 10 шир. 4 м;2640;400;2.0;0.4;КМ2;Ютекс;https://polov.net/catalog/semi-commercial/linoleum_juteks_master_havanna_oak_10_shir_4_m/;https://polov.net/upload/iblock/fa3/lgu2rwgmyp0fcf0re0hkj3ocnh4n3hs2.jpeg
Линолеум JUTEKS TEXAS GLAMOUR 916М шир. 3 м;2010;300;3.2;0.3;КМ5;Ютекс;https://polov.net/catalog/household/linoleum_juteks_texas_glamour_916m_shir_3_m/;https://polov.net/upload/iblock/925/394s75u09fj1o35en2l0f683au0y43ul.jpeg
Линолеум TARKETT STIMUL VOLT 2 шир. 3 м;1350;300;2.1;0.15;КМ5;Tarkett;https://polov.net/catalog/household/linoleum_tarkett_stimul_volt_2_shir_3_m/;https://polov.net/upload/iblock/678/top1f5ucatugkozcm8gz4la3mil0zmd8.jpeg
Линолеум TARKETT PRESTIGE TEXAS 3 шир. 2,5 м;2650;250;3.5;0.35;КМ5;Tarkett;https://polov.net/catalog/household/linoleum_tarkett_prestige_texas_3_shir_3_m/;https://polov.net/upload/iblock/0e6/pyfjo4ycu3jfn1qpitt80fgsq9jkhk02.jpeg
Линолеум IVC ECO ASPIN 545 шир. 3 м;915;300;2.0;0.15;КМ5;IVC;https://polov.net/catalog/household/linoleum_ivc_eco_aspin_545_shir_3_m/;https://polov.net/upload/iblock/0da/9ede30k6da82qdye8ptmks8lw415fbyp.jpeg
Линолеум IVC HERITAGE KALE 506 шир. 3,5 м;1960;350;2.2;0.4;;IVC;https://polov.net/catalog/household/linoleum_ivc_heritage_kale_506_shir_3_5_m/;https://polov.net/upload/iblock/129/7b63ewvfzilv8xajuk2ylyuotg3hrsjn.jpeg
Линолеум IVC TEXMARK NIM 531 шир. 1,5 м;1020;150;2.8;0.4;КМ5;IVC;https://polov.net/catalog/household/linoleum_ivc_texmark_nim_531_shir_2_5_m/;https://polov.net/local/templates/new_toptygin/components/bitrix/catalog/new_toptygin/bitrix/catalog.element/page/images/no_photo.png
Линолеум IVC TEXMARK SATIN OAK 790 шир. 3 м;2850;300;2.8;0.4;КМ5;IVC;https://polov.net/catalog/household/linoleum_ivc_texmark_satin_oak_790_shir_3_m/;https://polov.net/upload/iblock/25e/wq71wx7kmjztjgqjcvj3o1cn3j69uijd.jpeg
Линолеум IVC NEO GRASS 025 шир. 3 м;1800;300;2.5;0.2;КМ5;IVC;https://polov.net/catalog/household/linoleum_ivc_neo_grass_025_shir_3_m/;https://polov.net/upload/iblock/ba7/4k4bk95yhuglvfun927lto05dhom1m0u.jpeg
Линолеум IVC NEO BRERA 575 шир. 3 м;1800;300;2.5;0.2;КМ5;IVC;https://polov.net/catalog/household/linoleum_ivc_neo_brera_575_shir_3_m/;https://polov.net/upload/iblock/f6a/6g7pqxud27sp0lw19ay1pvp341ojohpq.jpeg
Линолеум IVC MARS MUSIC 696  шир. 2,5 м;2375;250;0;0.6;;IVC;https://polov.net/catalog/semi-commercial/linoleum_ivc_mars_music_696_shir_3_m/;https://polov.net/local/templates/new_toptygin/components/bitrix/catalog/new_toptygin/bitrix/catalog.element/page/images/no_photo.png
Линолеум IVC GREENLINE MORZIN 846 шир. 3 м;2280;300;4.0;0.4;КМ5;IVC;https://polov.net/catalog/household/linoleum_ivc_greenline_morzin_846_shir_3_m/;https://polov.net/upload/iblock/289/n0ddzatzdfrdev1qbw9noyi4lfe1srlr.jpeg
Линолеум IVC GREENLINE CAMMARGUE 754 шир. 3 м;3168;300;4.0;0.4;КМ5;IVC;https://polov.net/catalog/household/linoleum_ivc_greenline_cammargue_754_shir_3_m/;https://polov.net/upload/iblock/3df/luveghy1wo315vj25ltadr7qp948mray.jpeg
Линолеум IVC GREENLINE CARPATIANS 599 шир. 2,5 м;2775;250;4.0;0.4;КМ5;IVC;https://polov.net/catalog/household/linoleum_ivc_greenline_carpatians_599_shir_3_m/;https://polov.net/upload/iblock/470/cxbep72kzjpfvengs1w1bu72st13gvks.jpeg
Линолеум IVC GREENLINE CHAPARRAL OAK 544 шир. 2,5 м;2775;250;4.0;0.4;КМ5;IVC;https://polov.net/catalog/household/linoleum_ivc_greenline_chaparral_oak_544_shir_3_m/;https://polov.net/upload/iblock/f4d/fucco1q0pmalucd9pqx1rp9rixp7z1ik.jpeg
Линолеум IVC GREENLINE RANCHO 591 шир. 2,5 м;2775;250;4.0;0.4;КМ5;IVC;https://polov.net/catalog/household/linoleum_ivc_greenline_rancho_591_shir_3_m/;https://polov.net/upload/iblock/5df/t8aae6xv5eltqezleo4khi9cv4s9iio2.jpeg
Линолеум IVC GREENLINE SINTRA 585 шир. 3 м;2130;300;4.0;0.4;КМ5;IVC;https://polov.net/catalog/household/linoleum_ivc_greenline_sintra_585_shir_3_m/;https://polov.net/upload/iblock/f2c/p4b9p89nmj8axwm3y78dobzayz1anjik.jpeg
Линолеум IVC GREENLINE GRAND OAK 844 шир. 2,5 м;2775;250;4.0;0.4;КМ5;IVC;https://polov.net/catalog/household/linoleum_ivc_greenline_grand_oak_844_shir_3_m/;https://polov.net/upload/iblock/49d/iqbztoc92e0i74ekg2aon6cac3aqb2lg.jpeg
Линолеум IVC GOLDLINE NEBBIOLO 534 шир. 4 м;3000;400;4.2;0.4;;IVC;https://polov.net/catalog/household/linoleum_ivc_goldline_nebbiolo_534_shir_4_m/;https://polov.net/upload/iblock/1ce/tz9l9fov242fg7jnyd9fe2xkvgyme12r.jpeg
Линолеум IVC GOLDLINE KALE 542 шир. 3 м;2250;300;4.2;0.4;;IVC;https://polov.net/catalog/household/linoleum_ivc_goldline_kale_542_shir_3_m/;https://polov.net/upload/iblock/0a2/fg52oa12g9reojs9hh308aqars5bifei.jpeg
Линолеум IVC WOODLIKE TRISTAN W82 шир. 4 м;2600;400;2.7;0.35;КМ5;IVC;https://polov.net/catalog/household/linoleum_ivc_woodlike_tristan_w82_shir_4_m/;https://polov.net/upload/iblock/1bd/n7yg20kz9917fpxoe89blmll6fdx3yma.jpeg
Линолеум IVC VELVET CHESTNUT OAK W30 шир. 3 м;4170;300;2.0;0.5;КМ2;IVC;https://polov.net/catalog/semi-commercial/linoleum_ivc_velvet_chestnut_oak_w30_shir_3_m/;https://polov.net/upload/iblock/72c/z11s2vnlhg71aljaqj67vch3wqdaez5s.jpeg
Линолеум IVC VELVET NOBLE OAK W48 шир. 3 м;4170;300;2.0;0.5;КМ2;IVC;https://polov.net/catalog/semi-commercial/linoleum_ivc_velvet_noble_oak_w48_shir_3_m/;https://polov.net/upload/iblock/ce5/v4zlv7w7isg6by5d8cmmu2vog9gaa2ra.jpeg
Линолеум IVC VELVET NOBLE OAK W32 шир. 4 м;3960;400;2.0;0.5;КМ2;IVC;https://polov.net/catalog/semi-commercial/linoleum_ivc_velvet_noble_oak_w32_shir_4_m/;https://polov.net/upload/iblock/ec4/x7ms12qcfub8l73ldngakv2wtr5a1pfj.jpeg
Линолеум IVC VELVET NOBLE EDGEWOOD W48 шир. 2 м;2780;200;2.0;0.5;КМ2;IVC;https://polov.net/catalog/semi-commercial/linoleum_ivc_velvet_noble_edgewood_w48_shir_3_m/;https://polov.net/upload/iblock/e30/qioh9wo1ay30ph7xaxd9o88owmoty9mn.jpeg
Линолеум IVC CENTRA BOTTICELLI Т93 шир. 3 м;3630;300;2.0;0.7;КМ2;IVC;https://polov.net/catalog/commercial/linoleum_ivc_centra_botticelli_t93_shir_3_m/;https://polov.net/upload/iblock/7f0/5ippkos05asztucf5kyb3gp7qu4t41b3.jpeg
Линолеум IVC BINGO TOULOUSE 43 шир. 3 м;1680;300;2.8;0.2;КМ5;IVC;https://polov.net/catalog/household/linoleum_ivc_bingo_toulouse_43_shir_3_m/;https://polov.net/upload/iblock/523/w32u4328pzlqjblra5sznqim4m7mc6tk.jpeg
Линолеум IDEAL ULTRA COLUMB OAK 2 664D шир. 3,5 м;4375;350;4.8;0.4;КМ5;IDEAL;https://polov.net/catalog/household/linoleum_ideal_ultra_columb_oak_2_664d_shir_3_5_m/;https://polov.net/upload/iblock/2bb/4dkeh3mfe0erw03txmwffduausae205m.jpeg
Линолеум IDEAL ULTRA VALS 1 167M шир. 3 м;3750;300;4.8;0.4;КМ5;IDEAL;https://polov.net/catalog/household/linoleum_ideal_ultra_vals_1_167m_shir_3_m/;https://polov.net/upload/iblock/4a3/o2k2w0mvde8tmd9fcef3r48wwitcciub.jpeg
Линолеум IDEAL ULTRA COUNTRY OAK 1 007L шир. 2,5 м;3125;250;4.8;0.4;КМ5;IDEAL;https://polov.net/catalog/household/linoleum_ideal_ultra_country_oak_1_007l_shir_3_m/;https://polov.net/upload/iblock/dde/toeywl8ui2m1pqdjiyroojkuy76t00m7.jpeg
Линолеум IDEAL ULTRA COLUMB OAK 4 019S шир. 2,5 м;3125;250;4.8;0.4;КМ5;IDEAL;https://polov.net/catalog/household/linoleum_ideal_ultra_columb_oak_4_019s_shir_3_m/;https://polov.net/upload/iblock/489/0roetgs65p0za2ucu00fbo0adldy1mun.jpeg
Линолеум IDEAL ULTRA CRACKED OAK 1 016L шир. 2,5 м;3125;250;4.8;0.4;КМ5;IDEAL;https://polov.net/catalog/household/linoleum_ideal_ultra_cracked_oak_1_016l_shir_3_m/;https://polov.net/upload/iblock/f1b/w1ngq2847ytbgnmaoh7ejqb73xr7y87w.jpeg
