Линолеум Tarkett Гладиатор Миллер 1 3,0м  / 0,35 мм;3285;300;4.5;0.35;КМ5;Tarkett;https://zalog-vostok.ru/catalog/napolnye_pokrytiya/linoleum/gladiator_miller_1_3_0m/;https://zalog-vostok.ru/upload/resize_cache/iblock/756/450_450_140cd750bba9870f18aada2478b24840a/w4407t8k89q9b1esa331bnh217kfist6.jpg
Линолеум Tarkett Комфорт Авизо 3 3,0м  / 0,2мм;1495;300;3.0;0.2;КМ5;Tarkett;https://zalog-vostok.ru/catalog/napolnye_pokrytiya/linoleum/komfort_avizo_3_3_0m/;https://zalog-vostok.ru/upload/resize_cache/iblock/825/450_450_140cd750bba9870f18aada2478b24840a/764siq3mk9tmfm19et2l3oddiky1p3gk.jpg
Линолеум Tarkett Идиллия Саратога 6 3,0м  / 0,5мм;3285;300;3.7;0.5;КМ5;Tarkett;https://zalog-vostok.ru/catalog/napolnye_pokrytiya/linoleum/idilliya_saratoga_6_3_0m/;https://zalog-vostok.ru/upload/resize_cache/iblock/cfa/450_450_140cd750bba9870f18aada2478b24840a/0afpimu1gflcs0pcuh2i220hqvl7qfat.jpg
Линолеум Tarkett Идиллия Саратога 4 3,0 м  / 0,5мм;3285;300;3.7;0.5;КМ5;Tarkett;https://zalog-vostok.ru/catalog/napolnye_pokrytiya/linoleum/idilliya_saratoga_4_3_0_m/;https://zalog-vostok.ru/upload/resize_cache/iblock/e2e/450_450_140cd750bba9870f18aada2478b24840a/ur3b6fpa8vevkz07nqm126a7tlkeguat.jpg
Линолеум  Бонус Лаудер 4 3,0 м  / 0,4мм;1920;300;2.0;0.4;КМ5;;https://zalog-vostok.ru/catalog/napolnye_pokrytiya/linoleum/bonus_lauder_4_3_0_m/;https://zalog-vostok.ru/upload/resize_cache/iblock/5e1/450_450_140cd750bba9870f18aada2478b24840a/bvfu3m62rdkr25fqfeorlage9ceqv12g.jpg
Линолеум Tarkett Бонус Футуро 1 3,0 м  / 0,4мм;1350;300;2.0;0.4;КМ5;Tarkett;https://zalog-vostok.ru/catalog/napolnye_pokrytiya/linoleum/bonus_futuro_1_3_0_m/;https://zalog-vostok.ru/upload/resize_cache/iblock/5f4/450_450_140cd750bba9870f18aada2478b24840a/zeet0jfnljnqz3p0lzagj0xz9qgtada3.jpg
Линолеум Tarkett Идиллия Саратога 6 3,5м  / 0,5мм;3833;350;3.7;0.5;КМ5;Tarkett;https://zalog-vostok.ru/catalog/napolnye_pokrytiya/linoleum/idilliya_saratoga_6_3_5m/;https://zalog-vostok.ru/upload/resize_cache/iblock/39b/450_450_140cd750bba9870f18aada2478b24840a/hfhzzqsgifpiobvelsk8571qvcp5hiru.jpg
Линолеум Tarkett Идиллия Саратога 4 3,5м  / 0,5мм;3833;350;3.7;0.5;КМ5;Tarkett;https://zalog-vostok.ru/catalog/napolnye_pokrytiya/linoleum/idilliya_saratoga_4_3_5m/;https://zalog-vostok.ru/upload/resize_cache/iblock/014/450_450_140cd750bba9870f18aada2478b24840a/y2zbendq7u5dqrc1wxhyvld8foapozq2.jpg
Линолеум Tarkett Фаворит Эсэн 2 3,0м  / 0,3мм;3030;300;3.3;0.3;КМ5;Tarkett;https://zalog-vostok.ru/catalog/napolnye_pokrytiya/linoleum/favorit_esen_2_3_0m/;https://zalog-vostok.ru/upload/resize_cache/iblock/bde/450_450_140cd750bba9870f18aada2478b24840a/8c831pt22hadfx9xng4kpqyrfh3e41q2.jpg
Линолеум Tarkett Дельта Томас 1 3,5м  / 0,15мм;1785;350;2.5;0.15;КМ5;Tarkett;https://zalog-vostok.ru/catalog/napolnye_pokrytiya/linoleum/delta_tomas_1_3_5m/;https://zalog-vostok.ru/upload/resize_cache/iblock/3eb/450_450_140cd750bba9870f18aada2478b24840a/i794b501hcjomtfar7amoij4u1e10xzr.jpg
Линолеум Tarkett Дельта Томас 1 3,0м  / 0,15мм;1530;300;2.5;0.15;КМ5;Tarkett;https://zalog-vostok.ru/catalog/napolnye_pokrytiya/linoleum/delta_tomas_1_3_0m/;https://zalog-vostok.ru/upload/resize_cache/iblock/fd7/450_450_140cd750bba9870f18aada2478b24840a/towbftm0mzteob0dqen2yrg031o8n5c7.jpg
Линолеум Tarkett Дельта Томас 1 2,5м  / 0,15мм;1275;250;2.5;0.15;КМ5;Tarkett;https://zalog-vostok.ru/catalog/napolnye_pokrytiya/linoleum/delta_tomas_1_2_5m/;https://zalog-vostok.ru/upload/resize_cache/iblock/6a0/450_450_140cd750bba9870f18aada2478b24840a/je3xv70bgqvprvzxeghygt3497n4kuhk.jpg
Линолеум Tarkett Комфорт Палари 1 4,0м   / 0,2мм;2680;400;3.0;0.2;КМ5;Tarkett;https://zalog-vostok.ru/catalog/napolnye_pokrytiya/linoleum/komfort_palari_1_4_0m_/;https://zalog-vostok.ru/upload/resize_cache/iblock/8a5/450_450_140cd750bba9870f18aada2478b24840a/ng3tvgx15lov7i2k8n8r4puvioy5gc2b.jpg
Линолеум Tarkett Комфорт Палари 1 3,5м  / 0,2мм;2345;350;3.0;0.2;КМ5;Tarkett;https://zalog-vostok.ru/catalog/napolnye_pokrytiya/linoleum/komfort_palari_1_3_5m/;https://zalog-vostok.ru/upload/resize_cache/iblock/402/450_450_140cd750bba9870f18aada2478b24840a/q4jqy6mz2j1en3hyfj4kge2eqtienp2z.jpg
Линолеум Tarkett Комфорт Палари 1 3,0м  / 0,2мм;2010;300;3.0;0.2;КМ5;Tarkett;https://zalog-vostok.ru/catalog/napolnye_pokrytiya/linoleum/komfort_palari_1_3_0m/;https://zalog-vostok.ru/upload/resize_cache/iblock/fd1/450_450_140cd750bba9870f18aada2478b24840a/5khzc8e5am35ix9mbdtrtykkceodl795.jpg
Линолеум Tarkett Фаворит Эсэн 2 3,5м  / 0,3мм;3535;350;3.3;0.3;КМ5;Tarkett;https://zalog-vostok.ru/catalog/napolnye_pokrytiya/linoleum/favorit_esen_2_3_5m/;https://zalog-vostok.ru/upload/resize_cache/iblock/cdb/450_450_140cd750bba9870f18aada2478b24840a/po5qfwmtohb8mwft7xent3h5ccz5smun.jpg
Линолеум Tarkett Идиллия Саратога 4 2,5м   / 0,5мм;2738;250;3.7;0.5;КМ5;Tarkett;https://zalog-vostok.ru/catalog/napolnye_pokrytiya/linoleum/idilliya_saratoga_4_2_5m_linoleum_/;https://zalog-vostok.ru/upload/resize_cache/iblock/40f/450_450_140cd750bba9870f18aada2478b24840a/4uaxm3cfu3h1uyrees4isn6f3rzrxf5f.jpg
Линолеум Tarkett Спринт PRO Трезор 3 3,0м  / 0,4мм;2745;300;1.8;0.4;КМ2;Tarkett;https://zalog-vostok.ru/catalog/napolnye_pokrytiya/linoleum/sprint_pro_trezor_3_3_0m/;https://zalog-vostok.ru/upload/iblock/f92/n8dxyjzi68o6akj7u2nghnveus90elo8.jpg
Линолеум Tarkett Спринт PRO Кристал 3 3,0м  / 0,4мм;2745;300;1.8;0.4;КМ2;Tarkett;https://zalog-vostok.ru/catalog/napolnye_pokrytiya/linoleum/sprint_pro_kristal_3_3_0m/;https://zalog-vostok.ru/upload/resize_cache/webp/iblock/81f/y2esmyivgyn90tjee971t5mb6yf4mjys.webp
Линолеум Tarkett Каприз Инари 1 4,0 м / 0,25 мм;3156;400;3.0;0.25;КМ5;Tarkett;https://zalog-vostok.ru/catalog/napolnye_pokrytiya/linoleum/kapriz_inari_1_4_0_m_linoleum/;https://zalog-vostok.ru/upload/resize_cache/iblock/d08/450_450_140cd750bba9870f18aada2478b24840a/4yr935cclkxkbtya2j8ru8ibzxi4c03l.jpg
Линолеум Tarkett Каприз Инари 1 3,5 м / 0,25 мм;2762;350;3.0;0.25;КМ5;Tarkett;https://zalog-vostok.ru/catalog/napolnye_pokrytiya/linoleum/kapriz_inari_1_3_5_m_linoleum/;https://zalog-vostok.ru/upload/resize_cache/iblock/970/450_450_140cd750bba9870f18aada2478b24840a/tehb20s95mf2nk8e57vuy5nqkad0xekm.jpg
Линолеум Tarkett Каприз Инари 1 2,5 м / 0,25 мм;1973;250;3.0;0.25;КМ5;Tarkett;https://zalog-vostok.ru/catalog/napolnye_pokrytiya/linoleum/kapriz_inari_1_2_5_m_linoleum/;https://zalog-vostok.ru/upload/resize_cache/iblock/673/450_450_140cd750bba9870f18aada2478b24840a/niidfhrg0j171wdol0ktkszfmuq2lkoo.jpg
Линолеум Tarkett Идиллия Клео 1 3,0м  / 0,5мм;3285;300;3.7;0.5;КМ5;Tarkett;https://zalog-vostok.ru/catalog/napolnye_pokrytiya/linoleum/idilliya_kleo_1_3_0m/;https://zalog-vostok.ru/upload/resize_cache/iblock/c28/450_450_140cd750bba9870f18aada2478b24840a/sc3gs4plhvha1s275qrxa0v3n34ix2dc.jpg
Линолеум Tarkett Бонус Георг 2 3,0 м  / 0,4мм;1743;300;2.0;0.4;КМ5;Tarkett;https://zalog-vostok.ru/catalog/napolnye_pokrytiya/linoleum/bonus_georg_2_3_0_m/;https://zalog-vostok.ru/upload/resize_cache/iblock/d89/450_450_140cd750bba9870f18aada2478b24840a/7hgusegrjk2fz5e3slc0h9bdvs074m82.jpg
Линолеум Tarkett Гладиатор Миллер 1 2,5м  / 0,35 мм;2738;250;4.5;0.35;КМ5;Tarkett;https://zalog-vostok.ru/catalog/napolnye_pokrytiya/linoleum/gladiator_miller_1_2_5m/;https://zalog-vostok.ru/upload/resize_cache/webp/iblock/793/v6g9sayscaym8vu5mopgi061ga50l0ci.webp
Линолеум Tarkett Гладиатор Миллер 1 3,5м  / 0,35 мм;3833;350;4.5;0.35;КМ5;Tarkett;https://zalog-vostok.ru/catalog/napolnye_pokrytiya/linoleum/gladiator_miller_1_3_5m/;https://zalog-vostok.ru/upload/iblock/bec/cjb5282zge3alsvt8vf0dt1txj0cpszb.jpg
Линолеум Tarkett Дельта Сорбона 3 3,0м  / 0,15мм;1530;300;2.5;0.15;КМ5;Tarkett;https://zalog-vostok.ru/catalog/napolnye_pokrytiya/linoleum/delta_sorbona_3_3_0m/;https://zalog-vostok.ru/upload/resize_cache/iblock/1dd/450_450_140cd750bba9870f18aada2478b24840a/oi7ogx8wn87mvjjkfm6523syfxei1rdp.jpg
Линолеум Tarkett Ерапшен Луара 2 3,5м  / 0,2мм;1225;350;3.0;0.2;КМ5;Tarkett;https://zalog-vostok.ru/catalog/napolnye_pokrytiya/linoleum/erapshen_luara_2_3_5m/;https://zalog-vostok.ru/upload/resize_cache/iblock/fb3/450_450_140cd750bba9870f18aada2478b24840a/0e8muq1ni96k86xe6gqo21guzvlak38t.jpg
Линолеум Tarkett Идиллия Бремен 1 3,5м  / 0,5мм;3833;350;3.7;0.5;КМ5;Tarkett;https://zalog-vostok.ru/catalog/napolnye_pokrytiya/linoleum/idilliya_bremen_1_3_5m/;https://zalog-vostok.ru/upload/resize_cache/iblock/a9a/450_450_140cd750bba9870f18aada2478b24840a/ch3b89902zrowvb2ezw4rfa12fhh68jw.jpg
Линолеум Tarkett Идиллия Бремен 1 3,0м  / 0,5мм;3285;300;3.7;0.5;КМ5;Tarkett;https://zalog-vostok.ru/catalog/napolnye_pokrytiya/linoleum/idilliya_bremen_1_3_0m/;https://zalog-vostok.ru/upload/resize_cache/iblock/13c/450_450_140cd750bba9870f18aada2478b24840a/v0lf0ynnz9hzia72l0zfss8ffton256p.jpg
Линолеум Tarkett Спринт PRO Арно 3 3,0м  / 0,4мм;2745;300;1.8;0.4;КМ2;Tarkett;https://zalog-vostok.ru/catalog/napolnye_pokrytiya/linoleum/sprint_pro_arno_3_3_0m/;https://zalog-vostok.ru/upload/resize_cache/iblock/36f/450_450_140cd750bba9870f18aada2478b24840a/5tx6nl7am20yyrjgms0h0d55a4o3b19x.jpg
Линолеум Tarkett Идиллия Каскад 4 3,0м  / 0,5мм;3963;300;3.7;0.5;КМ5;Tarkett;https://zalog-vostok.ru/catalog/napolnye_pokrytiya/linoleum/idilliya_kaskad_4_3_0m_kh/;https://zalog-vostok.ru/upload/resize_cache/iblock/b55/450_450_140cd750bba9870f18aada2478b24840a/2q4ax43c85ux5x982f8o7m4mfjyjml38.jpg
Линолеум Tarkett Фаворит Азул 1 3,5м  / 0,3мм;3213;350;3.3;0.3;КМ5;Tarkett;https://zalog-vostok.ru/catalog/napolnye_pokrytiya/linoleum/favorit_azul_1_3_5m/;https://zalog-vostok.ru/upload/resize_cache/webp/iblock/00b/91ls81frnthcx5p2nu8swo4mzq7803ni.webp
Линолеум Tarkett Фаворит Азул 1 3,0м  / 0,3мм;2754;300;3.3;0.3;КМ5;Tarkett;https://zalog-vostok.ru/catalog/napolnye_pokrytiya/linoleum/favorit_azul_1_3_0m/;https://zalog-vostok.ru/upload/resize_cache/webp/iblock/3ab/747axx175r7uigd6zchxufgct5sqsso8.webp
Линолеум Tarkett Гранд Давос 1 3,0м  / 0,3мм;3180;300;4.5;0.3;КМ5;Tarkett;https://zalog-vostok.ru/catalog/napolnye_pokrytiya/linoleum/grand_davos_1_3_0m/;https://zalog-vostok.ru/upload/resize_cache/iblock/839/450_450_140cd750bba9870f18aada2478b24840a/1cjdr6bvyj5wdtby62wjdf7xl96spa7j.jpg
Линолеум Tarkett Гранд Фламенко 1 3,0м  / 0,4мм;2109;300;4.5;0.4;КМ5;Tarkett;https://zalog-vostok.ru/catalog/napolnye_pokrytiya/linoleum/grand_flamenko_1_3_0m/;https://zalog-vostok.ru/upload/resize_cache/iblock/c95/450_450_140cd750bba9870f18aada2478b24840a/p4ga8jd26i9rakqh79iuubthq6jvqxc9.jpg
Линолеум Tarkett Спринт PRO Корсар 1 3,0м  / 0,4мм;2745;300;1.8;0.4;КМ2;Tarkett;https://zalog-vostok.ru/catalog/napolnye_pokrytiya/linoleum/sprint_pro_korsar_1_3_0m/;https://zalog-vostok.ru/upload/iblock/87e/y03mjx9kdgytrpxnj9qbhlxged1otxkc.jpg
Линолеум Tarkett Дискавери Васаби 1 3м   / 0,3мм;2805;300;3.5;0.3;КМ5;Tarkett;https://zalog-vostok.ru/catalog/napolnye_pokrytiya/linoleum/diskaveri_vasabi_1_3m_/;https://zalog-vostok.ru/upload/resize_cache/iblock/c69/450_450_140cd750bba9870f18aada2478b24840a/4v7de1znmv2c3ekpfp72kdv6b3ulolri.jpg
Линолеум Tarkett Спринт PRO Корсар 1 2,5м  / 0,4мм;2288;250;1.8;0.4;КМ2;Tarkett;https://zalog-vostok.ru/catalog/napolnye_pokrytiya/linoleum/sprint_pro_korsar_1_2_5m/;https://zalog-vostok.ru/upload/iblock/4d8/gj4r4rn9bj2a08pqjifilpox81t1doek.jpg
Линолеум Tarkett Гранд Молинари 1 3,0 м  / 0,3мм;3180;300;4.5;0.3;КМ5;Tarkett;https://zalog-vostok.ru/catalog/napolnye_pokrytiya/linoleum/grand_molinari_1_3_0_m/;https://zalog-vostok.ru/upload/resize_cache/iblock/e5d/450_450_140cd750bba9870f18aada2478b24840a/b90yoavvv33j17t8zzloho56whnchaex.jpg
Линолеум Tarkett Гранд Молинари 1 2,5м  / 0,3мм;2650;250;4.5;0.3;КМ5;Tarkett;https://zalog-vostok.ru/catalog/napolnye_pokrytiya/linoleum/grand_molinari_1_2_5m/;https://zalog-vostok.ru/upload/resize_cache/iblock/981/450_450_140cd750bba9870f18aada2478b24840a/1bugou51vtexw882xj79gz6bin8fi0a2.jpg
Линолеум Tarkett Идиллия Крафт 2 3,5м  / 0,5мм;3833;350;3.7;0.5;КМ5;Tarkett;https://zalog-vostok.ru/catalog/napolnye_pokrytiya/linoleum/idilliya_kraft_2_3_5m/;https://zalog-vostok.ru/upload/resize_cache/webp/iblock/c85/jk2m4cbroatjsq3esp313sfqyzubdinl.webp
Линолеум Tarkett Абсолют Лиам 1 3,5 м  / 0,45 мм;3360;350;3.0;0.45;КМ5;Tarkett;https://zalog-vostok.ru/catalog/napolnye_pokrytiya/linoleum/absolyut_liam_1_3_5_m/;https://zalog-vostok.ru/upload/resize_cache/iblock/64f/450_450_140cd750bba9870f18aada2478b24840a/8wz225wfq3ulkkeo5te53lw37e038yhf.jpg
Линолеум  Абсолют Лиам 1 3,0 м  / 0,45 мм;2629;300;3.0;0.45;КМ5;;https://zalog-vostok.ru/catalog/napolnye_pokrytiya/linoleum/absolyut_liam_1_3_0_m/;https://zalog-vostok.ru/upload/resize_cache/iblock/992/450_450_140cd750bba9870f18aada2478b24840a/eidgkjrtn9eku7guqdnhkd1c1s31wzuw.jpg
Линолеум Tarkett Фаворит Белмонд 2 3,5м  / 0,3мм;3535;350;3.3;0.3;КМ5;Tarkett;https://zalog-vostok.ru/catalog/napolnye_pokrytiya/linoleum/favorit_belmond_2_3_5m/;https://zalog-vostok.ru/upload/iblock/ac9/9ag0wj8tkyehje9z7ygovv797zqjapqu.jpg
Линолеум  Бонус Дуарт 1 3,0 м  / 0,4мм;1920;300;2.0;0.4;КМ5;;https://zalog-vostok.ru/catalog/napolnye_pokrytiya/linoleum/bonus_duart_1_3_0_m/;https://zalog-vostok.ru/upload/resize_cache/iblock/2f4/450_450_140cd750bba9870f18aada2478b24840a/ta4fp1wo9da8ymn2nr8e8rnltsfw1v0p.jpg
Линолеум  Бонус Дуарт 1 2,5 м  / 0,4мм;1600;250;2.0;0.4;КМ5;;https://zalog-vostok.ru/catalog/napolnye_pokrytiya/linoleum/bonus_duart_1_2_5_m/;https://zalog-vostok.ru/upload/resize_cache/iblock/114/450_450_140cd750bba9870f18aada2478b24840a/jogsw4sfejlgfogg9yemfmi239icny02.jpg
Линолеум Tarkett Фаворит Византия 4 3,0м  / 0,3мм;3030;300;3.3;0.3;КМ5;Tarkett;https://zalog-vostok.ru/catalog/napolnye_pokrytiya/linoleum/favorit_vizantiya_4_3_0m/;https://zalog-vostok.ru/upload/resize_cache/webp/iblock/233/7zgf1jk18y639fz6zv6dympi69v7r6l2.webp
Линолеум Tarkett Мода 121602 3,5м  / 0,5мм;2870;350;2.2;0.5;КМ5;Tarkett;https://zalog-vostok.ru/catalog/napolnye_pokrytiya/linoleum/moda_121602_3_5m/;https://zalog-vostok.ru/upload/resize_cache/iblock/276/450_450_140cd750bba9870f18aada2478b24840a/pz55kdcrahnzb4hgqkda601m9xrptszw.jpg
Линолеум Tarkett Мода 121602 3,0м  / 0,5мм;2460;300;2.2;0.5;КМ5;Tarkett;https://zalog-vostok.ru/catalog/napolnye_pokrytiya/linoleum/moda_121602_3_0m/;https://zalog-vostok.ru/upload/resize_cache/iblock/a4a/450_450_140cd750bba9870f18aada2478b24840a/djn49awyj60qjo6gjvm0qzeryzi5loyu.jpg
Линолеум Tarkett Мода 121603 3,5м  / 0,5мм;2870;350;2.2;0.5;КМ5;Tarkett;https://zalog-vostok.ru/catalog/napolnye_pokrytiya/linoleum/moda_121603_3_5m/;https://zalog-vostok.ru/upload/resize_cache/iblock/d8d/450_450_140cd750bba9870f18aada2478b24840a/m8tkxy9ag19spqwq2ql8iwj669g0nxeh.jpg
Линолеум  Мода 121602 2,5м  / 0,5мм;2050;250;2.2;0.5;КМ5;;https://zalog-vostok.ru/catalog/napolnye_pokrytiya/linoleum/moda_121602_2_5m/;https://zalog-vostok.ru/upload/resize_cache/iblock/866/450_450_140cd750bba9870f18aada2478b24840a/qcplsaaw3atsiqrniynfca3skbrvw4kc.jpg
Линолеум Tarkett Мода 121603 3,0м  / 0,5мм;2460;300;2.2;0.5;КМ5;Tarkett;https://zalog-vostok.ru/catalog/napolnye_pokrytiya/linoleum/moda_121603_3_0m/;https://zalog-vostok.ru/upload/resize_cache/iblock/1b7/450_450_140cd750bba9870f18aada2478b24840a/bi95pgz5qxave8nv7jl6i10e99nuddn5.jpg
Линолеум Tarkett Мода Вуд Тиберин 1 3м  / 0,5мм;1950;300;2.2;0.5;КМ5;Tarkett;https://zalog-vostok.ru/catalog/napolnye_pokrytiya/linoleum/moda_vud_tiberin_1_3m/;https://zalog-vostok.ru/upload/resize_cache/iblock/3ff/450_450_140cd750bba9870f18aada2478b24840a/3zyzp4m6ucy9mnsgocqkqodukscyjzqs.jpg
Линолеум Tarkett Мода Вуд Тиберин 1 2,5 м  / 0,5мм;2275;350;2.2;0.5;КМ5;Tarkett;https://zalog-vostok.ru/catalog/napolnye_pokrytiya/linoleum/moda_vud_tiberin_1_2_5_m/;https://zalog-vostok.ru/upload/resize_cache/iblock/f65/450_450_140cd750bba9870f18aada2478b24840a/n9ol3ga9tii0ha2u6tivp3l2hzyluxs7.jpg
Линолеум Tarkett Форс Канаста 4 3,5м  / 0,6 мм;3220;350;2.5;0.6;КМ5;Tarkett;https://zalog-vostok.ru/catalog/napolnye_pokrytiya/linoleum/fors_kanasta_4_3_5m/;https://zalog-vostok.ru/upload/resize_cache/webp/iblock/e50/7c51zag23dagr0bozyuel9ccj1ietw1c.webp
Линолеум Tarkett Форс Гордон 5 3,0м   / 0,6 мм;1839;300;2.5;0.6;КМ5;Tarkett;https://zalog-vostok.ru/catalog/napolnye_pokrytiya/linoleum/fors_gordon_5_3_0m_kh/;https://zalog-vostok.ru/upload/resize_cache/iblock/a61/450_450_140cd750bba9870f18aada2478b24840a/e2k0zweykmmq0ra4bvqsz1wn3312bxda.jpg
Линолеум Tarkett Форс Сорбона 6 2,5м  / 0,6 мм;2300;250;2.5;0.6;КМ5;Tarkett;https://zalog-vostok.ru/catalog/napolnye_pokrytiya/linoleum/fors_sorbona_6_2_5m/;https://zalog-vostok.ru/upload/resize_cache/webp/iblock/b60/ca7cuhvg52zvr84j9y2b815rnxcmybcg.webp
Линолеум Tarkett Форс Канаста 3 2,5м  / 0,6 мм;2300;250;2.5;0.6;КМ5;Tarkett;https://zalog-vostok.ru/catalog/napolnye_pokrytiya/linoleum/fors_kanasta_3_2_5m/;https://zalog-vostok.ru/upload/iblock/d52/drtyjzus8sya7t2q2rzgok2zmfs8xfdk.jpg
Линолеум Tarkett Форс Сорбона 5 2,5м  / 0,6 мм;2300;250;2.5;0.6;КМ5;Tarkett;https://zalog-vostok.ru/catalog/napolnye_pokrytiya/linoleum/fors_sorbona_5_2_5m/;https://zalog-vostok.ru/upload/iblock/ce5/ss81hrbw0sspp0pfpwse7tdqsx91wxns.jpg
Линолеум Tarkett Форс Сорбона 5 3,5м  / 0,6 мм;3220;350;2.5;0.6;КМ5;Tarkett;https://zalog-vostok.ru/catalog/napolnye_pokrytiya/linoleum/fors_sorbona_5_3_5m/;https://zalog-vostok.ru/upload/iblock/894/l6yc31izi8mzmyvbaioit5x8b33m0z3y.jpg
Линолеум Tarkett Форс Сорбона 2 2,5м  / 0,6 мм;2300;250;2.5;0.6;КМ5;Tarkett;https://zalog-vostok.ru/catalog/napolnye_pokrytiya/linoleum/fors_sorbona_2_2_5m/;https://zalog-vostok.ru/upload/iblock/eed/0rtl2pza4s02nvxxycirgpfzde8b33a7.jpg
Линолеум Tarkett Форс Сорбона 6 3,0м  / 0,6 мм;1920;300;2.5;0.6;КМ5;Tarkett;https://zalog-vostok.ru/catalog/napolnye_pokrytiya/linoleum/fors_sorbona_6_3_0m/;https://zalog-vostok.ru/upload/iblock/5ad/gmp4q60um2iwmibu860phuzvt8af02nn.jpg
Линолеум Tarkett Форс Сорбона 2 3,0м  / 0,6 мм;2760;300;2.5;0.6;КМ5;Tarkett;https://zalog-vostok.ru/catalog/napolnye_pokrytiya/linoleum/fors_sorbona_2_3_0m/;https://zalog-vostok.ru/upload/iblock/22e/gpes359qv5g9imon0qzdugq6348plr66.jpg
Линолеум Tarkett Форс Сорбона 2 3,5м  / 0,6 мм;3220;350;2.5;0.6;КМ5;Tarkett;https://zalog-vostok.ru/catalog/napolnye_pokrytiya/linoleum/fors_sorbona_2_3_5m/;https://zalog-vostok.ru/upload/resize_cache/webp/iblock/841/ooagt6g3tjk525ww2mo13emr8ja58bvk.webp
Линолеум Tarkett Форс Сорбона 2 4,0м  / 0,6 мм;3680;400;2.5;0.6;КМ5;Tarkett;https://zalog-vostok.ru/catalog/napolnye_pokrytiya/linoleum/fors_sorbona_2_4_0m/;https://zalog-vostok.ru/upload/iblock/fb1/7f9m637j1tlsag0fw7xuvf256javffym.jpg
Линолеум Tarkett Форс Канаста 3 3,5м  / 0,6 мм;3220;350;2.5;0.6;КМ5;Tarkett;https://zalog-vostok.ru/catalog/napolnye_pokrytiya/linoleum/fors_kanasta_3_3_5m/;https://zalog-vostok.ru/upload/resize_cache/webp/iblock/ab2/u7apcxhvvipobp87y1bwvhcc2znofb0q.webp
Линолеум Tarkett Форс Нубия 3 2,5м  / 0,6 мм;2300;250;2.5;0.6;КМ5;Tarkett;https://zalog-vostok.ru/catalog/napolnye_pokrytiya/linoleum/fors_nubiya_3_2_5m/;https://zalog-vostok.ru/upload/resize_cache/webp/iblock/907/qy0n27kws8m8vq01472hbabo05ug5ivr.webp
Линолеум Tarkett Форс Канаста 4 4,0м  / 0,6 мм;3680;400;2.5;0.6;КМ5;Tarkett;https://zalog-vostok.ru/catalog/napolnye_pokrytiya/linoleum/fors_kanasta_4_4_0m/;https://zalog-vostok.ru/upload/iblock/46e/mpa24ncx9758wqpiv2y13fpx2y9bjz00.jpg
Линолеум Tarkett Форс Канаста 3 4,0м  / 0,6 мм;3680;400;2.5;0.6;КМ5;Tarkett;https://zalog-vostok.ru/catalog/napolnye_pokrytiya/linoleum/fors_kanasta_3_4_0m/;https://zalog-vostok.ru/upload/iblock/0ec/s7ecmzshlcdff1vq46jslsfw9x8yybes.jpg
Линолеум Tarkett Форс Нубия 3 3,5м  / 0,6 мм;3220;350;2.5;0.6;КМ5;Tarkett;https://zalog-vostok.ru/catalog/napolnye_pokrytiya/linoleum/fors_nubiya_3_3_5m/;https://zalog-vostok.ru/upload/iblock/cf8/915x2l08jgyrzuphc315l2tbtfpvy3e9.jpg
Линолеум Tarkett Форс Колибри 6 3,5м  / 0,6 мм;2916;350;2.5;0.6;КМ5;Tarkett;https://zalog-vostok.ru/catalog/napolnye_pokrytiya/linoleum/fors_kolibri_6_3_5m/;https://zalog-vostok.ru/upload/iblock/a5f/vfrpcnubcurcx15zer84g6cex71rqz7o.jpg
Линолеум Tarkett Форс Самба 12 3,0м   / 0,6 мм;2760;300;2.5;0.6;КМ5;Tarkett;https://zalog-vostok.ru/catalog/napolnye_pokrytiya/linoleum/fors_samba_12_3_0m_kh/;https://zalog-vostok.ru/upload/iblock/c4d/h2tb8nk7sfiqi9eikj4k7blgbc0jz1pv.jpg
Линолеум Tarkett Форс Нубия 3 3,0м  / 0,6 мм;2760;300;2.5;0.6;КМ5;Tarkett;https://zalog-vostok.ru/catalog/napolnye_pokrytiya/linoleum/fors_nubiya_3_3_0m/;https://zalog-vostok.ru/upload/iblock/f79/3m9x3o2nkkh8e7q96irtq0srrva79qly.jpg
Линолеум Tarkett Форс Грес 2 3,0м   / 0,6 мм;2760;300;2.5;0.6;КМ5;Tarkett;https://zalog-vostok.ru/catalog/napolnye_pokrytiya/linoleum/fors_gres_2_3_0m_/;https://zalog-vostok.ru/upload/iblock/36f/wt0s7l18qsky5wgflyi58swjokbhd7yj.jpg
Линолеум Tarkett Форс Канаста 4 3,0м  / 0,6 мм;2760;300;2.5;0.6;КМ5;Tarkett;https://zalog-vostok.ru/catalog/napolnye_pokrytiya/linoleum/fors_kanasta_4_3_0m/;https://zalog-vostok.ru/upload/iblock/ee0/orvyahz2voc31irvnfiggi8gr5fsc4vu.jpg
Линолеум Tarkett Форс Канаста 3 3,0м  / 0,6 мм;2760;300;2.5;0.6;КМ5;Tarkett;https://zalog-vostok.ru/catalog/napolnye_pokrytiya/linoleum/fors_kanasta_3_3_0m/;https://zalog-vostok.ru/upload/iblock/f1f/ilnvrm23u39d5q5ku40drrkqkxmx74ad.jpg
Линолеум Tarkett Форс Сорбона 5 4,0м  / 0,6 мм;3680;400;2.5;0.6;КМ5;Tarkett;https://zalog-vostok.ru/catalog/napolnye_pokrytiya/linoleum/fors_sorbona_5_4_0m/;https://zalog-vostok.ru/upload/iblock/c4b/7c7sxukjpwom5dvzhjskxd3budjnor9z.jpg
Линолеум Tarkett Форс Сорбона 5 3,0м  / 0,6 мм;2760;300;2.5;0.6;КМ5;Tarkett;https://zalog-vostok.ru/catalog/napolnye_pokrytiya/linoleum/fors_sorbona_5_3_0m/;https://zalog-vostok.ru/upload/iblock/6b0/afex67tinhe567it3yk6a48ymmvss8zp.jpg
Линолеум Tarkett Форс Нубия 3 4,0м  / 0,6 мм;3680;400;2.5;0.6;КМ5;Tarkett;https://zalog-vostok.ru/catalog/napolnye_pokrytiya/linoleum/fors_nubiya_3_4_0m/;https://zalog-vostok.ru/upload/iblock/1ae/yk5vivmza0emdaeye8mspld5mjvup4ci.jpg
Линолеум Tarkett Фаворит Тетра 1 3,5м  / 0,3мм;3535;350;3.3;0.3;КМ5;Tarkett;https://zalog-vostok.ru/catalog/napolnye_pokrytiya/linoleum/favorit_tetra_1_3_5m/;https://zalog-vostok.ru/upload/iblock/d40/cgso5aehb8fa9qicrusbo48kwc47e80c.jpg
Линолеум Tarkett Фаворит Тетра 1 3,0м  / 0,3мм;3030;300;3.3;0.3;КМ5;Tarkett;https://zalog-vostok.ru/catalog/napolnye_pokrytiya/linoleum/favorit_tetra_1_3_0m/;https://zalog-vostok.ru/upload/iblock/a92/r9ybh1ikol6d0y86cgkd7ka24lvkpks1.jpg
Линолеум Tarkett Фаворит Тетра 1 2,5м  / 0,3мм;2525;250;3.3;0.3;КМ5;Tarkett;https://zalog-vostok.ru/catalog/napolnye_pokrytiya/linoleum/favorit_tetra_1_2_5m/;https://zalog-vostok.ru/upload/iblock/01a/z27txsshha0a6hpuzo5wjnqb7nuvswqb.jpg
Линолеум Tarkett Фаворит Нортон 6 3,5м  / 0,3мм;3535;350;3.3;0.3;КМ5;Tarkett;https://zalog-vostok.ru/catalog/napolnye_pokrytiya/linoleum/favorit_norton_6_3_5m/;https://zalog-vostok.ru/upload/resize_cache/webp/iblock/0cf/1saow4zw8actd4hnnp1u4h6lyzyv4xeo.webp
Линолеум Tarkett Фаворит Квебек 1 4,0м  / 0,3мм;4040;400;3.3;0.3;КМ5;Tarkett;https://zalog-vostok.ru/catalog/napolnye_pokrytiya/linoleum/favorit_kvebek_1_4_0m/;https://zalog-vostok.ru/upload/iblock/7b5/9wf0c6qsx663lr68hnp86kfy4dwh8j7o.jpg
Линолеум Tarkett Фаворит Стобо 1 3,0м  / 0,3мм;3030;300;3.3;0.3;КМ5;Tarkett;https://zalog-vostok.ru/catalog/napolnye_pokrytiya/linoleum/favorit_stobo_1_3_0m/;https://zalog-vostok.ru/upload/iblock/de2/fpq19a1ytrdg3fa7n6p83g5zvgrnavsp.jpg
Линолеум Tarkett Фаворит Тобаго 1 3,0м  / 0,3мм;3777;300;3.3;0.3;КМ5;Tarkett;https://zalog-vostok.ru/catalog/napolnye_pokrytiya/linoleum/favorit_tobago_1_3_0m/;https://zalog-vostok.ru/upload/iblock/cf2/n0bkj1ba0cihdsy7y74ztwwuiuzu1gu1.jpg
Линолеум Tarkett Фаворит Стобо 2 3,0м  / 0,3мм;3030;300;3.3;0.3;КМ5;Tarkett;https://zalog-vostok.ru/catalog/napolnye_pokrytiya/linoleum/favorit_stobo_2_3_0m/;https://zalog-vostok.ru/upload/iblock/df9/id1lgwjnxdvt5g0jk6th65kvorw9qc3i.jpg
Линолеум Tarkett Фаворит Амур 1 3,0м  / 0,3мм;3030;300;3.3;0.3;КМ5;Tarkett;https://zalog-vostok.ru/catalog/napolnye_pokrytiya/linoleum/favorit_amur_1_3_0m/;https://zalog-vostok.ru/upload/resize_cache/iblock/716/450_450_140cd750bba9870f18aada2478b24840a/rgxwv1lmg48str9cgkfru37mpf903c1c.jpg
Линолеум Tarkett Фаворит Амур 1 3,5м  / 0,3мм;3535;350;3.3;0.3;КМ5;Tarkett;https://zalog-vostok.ru/catalog/napolnye_pokrytiya/linoleum/favorit_amur_1_3_5m/;https://zalog-vostok.ru/upload/resize_cache/iblock/a6b/450_450_140cd750bba9870f18aada2478b24840a/34oxj4jl9isdnaiii9m4m90zevnnfmxq.jpg
Линолеум Tarkett Фаворит Равена 1 3,0м Х  / 0,3мм;2028;300;3.3;0.3;КМ5;Tarkett;https://zalog-vostok.ru/catalog/napolnye_pokrytiya/linoleum/favorit_ravena_1_3_0m_kh/;https://zalog-vostok.ru/upload/resize_cache/iblock/970/450_450_140cd750bba9870f18aada2478b24840a/z0ni8qkqvjq5ybfkkdbf51umb4ueizv0.jpeg
Линолеум Tarkett Фаворит Квебек 2 3,0м Х  / 0,3мм;2205;300;3.3;0.3;КМ5;Tarkett;https://zalog-vostok.ru/catalog/napolnye_pokrytiya/linoleum/favorit_kvebek_2_3_0m_kh/;https://zalog-vostok.ru/upload/resize_cache/iblock/347/450_450_140cd750bba9870f18aada2478b24840a/xfq8itmszwah3o27f72233jchytp58c9.jpg
Линолеум Tarkett Фаворит Квебек 1 3,5м  / 0,3мм;3535;350;3.3;0.3;КМ5;Tarkett;https://zalog-vostok.ru/catalog/napolnye_pokrytiya/linoleum/favorit_kvebek_1_3_5m/;https://zalog-vostok.ru/upload/iblock/855/ui0ia4bqotg3lednva7uejmev479f3k3.jpg
Линолеум Tarkett Фаворит Квебек 1 2,5м  / 0,3мм;2525;250;3.3;0.3;КМ5;Tarkett;https://zalog-vostok.ru/catalog/napolnye_pokrytiya/linoleum/favorit_kvebek_1_2_5m/;https://zalog-vostok.ru/upload/iblock/a20/5mhotrbjgg3g6s33ibboggz06vipkruy.jpg
Линолеум Tarkett Фаворит Квебек 1 3,0м  / 0,3мм;3030;300;3.3;0.3;КМ5;Tarkett;https://zalog-vostok.ru/catalog/napolnye_pokrytiya/linoleum/favorit_kvebek_1_3_0m/;https://zalog-vostok.ru/upload/iblock/16f/b1ja6j1f5s570kxpimseqshifd8rj2e7.jpg
Линолеум Tarkett Фаворит Стобо 2 2,5м  / 0,3мм;2525;250;3.3;0.3;КМ5;Tarkett;https://zalog-vostok.ru/catalog/napolnye_pokrytiya/linoleum/favorit_stobo_2_2_5m/;https://zalog-vostok.ru/upload/iblock/156/zxl70i1xhjl4zbxudb2n1cgwcaycowq7.jpg
Линолеум Tarkett Фаворит Тобаго 1 2,5м  / 0,3мм;2525;250;3.3;0.3;КМ5;Tarkett;https://zalog-vostok.ru/catalog/napolnye_pokrytiya/linoleum/favorit_tobago_1_2_5m/;https://zalog-vostok.ru/upload/iblock/0b6/771hpmft9b0jryi4u39bwagyyhh2t5vn.jpg
Линолеум Tarkett Фаворит Нортон 6 3,0м  / 0,3мм;3030;300;3.3;0.3;КМ5;Tarkett;https://zalog-vostok.ru/catalog/napolnye_pokrytiya/linoleum/favorit_norton_6_3_0m/;https://zalog-vostok.ru/upload/iblock/1f4/27jgs9gly46qaogptmxe82eknaa6ucm2.jpg
Линолеум Tarkett Фаворит Стобо 2 3,5м  / 0,3мм;3535;350;3.3;0.3;КМ5;Tarkett;https://zalog-vostok.ru/catalog/napolnye_pokrytiya/linoleum/favorit_stobo_2_3_5m/;https://zalog-vostok.ru/upload/iblock/f91/qs1wj1jq849nwjmqv7g3zhw2v5rqnu68.jpg
Линолеум Tarkett Фаворит Стобо 1 3,5м  / 0,3мм;3535;350;3.3;0.3;КМ5;Tarkett;https://zalog-vostok.ru/catalog/napolnye_pokrytiya/linoleum/favorit_stobo_1_3_5m/;https://zalog-vostok.ru/upload/iblock/345/9r5xr3uaikynm6z5hnqaiqsxr9rae23y.jpg
Линолеум Tarkett Фаворит Стобо 1 2,5м  / 0,3мм;2525;250;3.3;0.3;КМ5;Tarkett;https://zalog-vostok.ru/catalog/napolnye_pokrytiya/linoleum/favorit_stobo_1_2_5m/;https://zalog-vostok.ru/upload/iblock/8a2/mnb2rgyrg6xaqelo6776e5fqa68ydqkp.jpg
Линолеум Tarkett Спринт PRO Торонто 1 2,5м  / 0,4мм;2288;250;1.8;0.4;КМ2;Tarkett;https://zalog-vostok.ru/catalog/napolnye_pokrytiya/linoleum/sprint_pro_toronto_1_2_5m/;https://zalog-vostok.ru/upload/iblock/5ed/vhv0nd051yn6ne89gdd1kksqqyuk8lue.jpg
Линолеум Tarkett Спринт PRO Торонто 1 4,0м  / 0,4мм;3660;400;1.8;0.4;КМ2;Tarkett;https://zalog-vostok.ru/catalog/napolnye_pokrytiya/linoleum/sprint_pro_toronto_1_4_0m/;https://zalog-vostok.ru/upload/iblock/fb7/qmslu92ygi3na3d3xrlbcp3cgx8yqert.jpg
Линолеум Tarkett Спринт PRO Торонто 1 3,5м  / 0,4мм;3203;350;1.8;0.4;КМ2;Tarkett;https://zalog-vostok.ru/catalog/napolnye_pokrytiya/linoleum/sprint_pro_toronto_1_3_5m/;https://zalog-vostok.ru/upload/iblock/c57/68dir9pg581u8kuvsqq2hvez8m9hcfox.jpg
Линолеум Tarkett Спринт PRO Баден 1 3,0м  / 0,4мм;2745;300;1.8;0.4;КМ2;Tarkett;https://zalog-vostok.ru/catalog/napolnye_pokrytiya/linoleum/sprint_pro_baden_1_3_0m/;https://zalog-vostok.ru/upload/iblock/950/unn0z1zh1op1esvcv6rkkkwzecoi03lu.jpg
Линолеум Tarkett Спринт PRO Торонто 1 2,0м  / 0,4мм;1830;200;1.8;0.4;КМ2;Tarkett;https://zalog-vostok.ru/catalog/napolnye_pokrytiya/linoleum/sprint_pro_toronto_1_2_0m/;https://zalog-vostok.ru/upload/resize_cache/webp/iblock/47d/dd63d3ro99o8w1j408xfzt1qy1c2dcoh.webp
Линолеум Tarkett Спринт PRO Торонто 1 3,0м  / 0,4мм;2745;300;1.8;0.4;КМ2;Tarkett;https://zalog-vostok.ru/catalog/napolnye_pokrytiya/linoleum/sprint_pro_toronto_1_3_0m/;https://zalog-vostok.ru/upload/iblock/dd5/lw27thezocvslb6u4xeklzxsrx37d50w.jpg
Линолеум  Магия Акира 2 3,5м  / 0,3мм;2100;350;3.0;0.3;КМ5;;https://zalog-vostok.ru/catalog/napolnye_pokrytiya/linoleum/magiya_akira_2_3_5m/;https://zalog-vostok.ru/upload/resize_cache/iblock/5b7/450_450_140cd750bba9870f18aada2478b24840a/57lj566stzq1j63l1k15qi76na96fub2.jpg
Линолеум Tarkett Магия Перу 2 3,5м  / 0,3мм;2415;350;3.0;0.3;КМ5;Tarkett;https://zalog-vostok.ru/catalog/napolnye_pokrytiya/linoleum/magiya_peru_2_3_5m/;https://zalog-vostok.ru/upload/resize_cache/iblock/25b/450_450_140cd750bba9870f18aada2478b24840a/aith4d22nr7mah7mdrad0hlbwzrmnevq.jpg
Линолеум  Магия Акира 2 3,0м  / 0,3мм;1800;300;3.0;0.3;КМ5;;https://zalog-vostok.ru/catalog/napolnye_pokrytiya/linoleum/magiya_akira_2_3_0m/;https://zalog-vostok.ru/upload/resize_cache/iblock/bd8/450_450_140cd750bba9870f18aada2478b24840a/65rq2tps883io7tk1njuxrlm0ah9bzeg.jpg
Линолеум Tarkett Магия Перу 1 3,0м  / 0,3мм;2070;300;3.0;0.3;КМ5;Tarkett;https://zalog-vostok.ru/catalog/napolnye_pokrytiya/linoleum/magiya_peru_1_3_0m/;https://zalog-vostok.ru/upload/resize_cache/iblock/d59/450_450_140cd750bba9870f18aada2478b24840a/2jmcls5ikwxns5759lm60r6rn6bmqk5e.jpg
Линолеум  Магия Акира 1 3,0м  / 0,3мм;2190;300;3.0;0.3;КМ5;;https://zalog-vostok.ru/catalog/napolnye_pokrytiya/linoleum/magiya_akira_1_3_0m/;https://zalog-vostok.ru/upload/resize_cache/iblock/449/450_450_140cd750bba9870f18aada2478b24840a/21ba0gmk45b7q2znouu7ws1ritql3r4y.jpg
Линолеум Tarkett Комфорт Спенсер 3 3,5м   / 0,2мм;2345;350;3.0;0.2;КМ5;Tarkett;https://zalog-vostok.ru/catalog/napolnye_pokrytiya/linoleum/komfort_spenser_3_3_5m_/;https://zalog-vostok.ru/upload/iblock/2d0/6akantzu03i9trsiq2j99mzw2rkrd0on.jpg
Линолеум Tarkett Комфорт Спенсер 3 3,0м  / 0,2мм;2010;300;3.0;0.2;КМ5;Tarkett;https://zalog-vostok.ru/catalog/napolnye_pokrytiya/linoleum/komfort_spenser_3_3_0m/;https://zalog-vostok.ru/upload/iblock/48b/njx6mrx91h7u53f5qecc02c963vyvmpo.jpg
Линолеум Tarkett Комфорт Спенсер 3 2,5м  / 0,2мм;1675;250;3.0;0.2;КМ5;Tarkett;https://zalog-vostok.ru/catalog/napolnye_pokrytiya/linoleum/komfort_spenser_3_2_5m/;https://zalog-vostok.ru/upload/iblock/b41/xc9fqokjtx32k43ulypph40s8ka2oipj.jpg
Линолеум Tarkett Комфорт Орегон 1   3,0м  / 0,2мм;1821;300;3.0;0.2;КМ5;Tarkett;https://zalog-vostok.ru/catalog/napolnye_pokrytiya/linoleum/komfort_oregon_1_3_0m/;https://zalog-vostok.ru/upload/iblock/b0a/rez9c8dsdi132rmwppf398i2qhezm2lm.jpg
Линолеум Tarkett Комфорт Колибри 6   3,5м  / 0,2мм;2125;350;3.0;0.2;КМ5;Tarkett;https://zalog-vostok.ru/catalog/napolnye_pokrytiya/linoleum/komfort_kolibri_6_3_5m/;https://zalog-vostok.ru/upload/resize_cache/iblock/6c1/450_450_140cd750bba9870f18aada2478b24840a/dgby66gm5ogu6vyy2dc0rips52p9lht8.jpg
Линолеум Tarkett Комфорт Спенсер 3 4,0м  / 0,2мм;2680;400;3.0;0.2;КМ5;Tarkett;https://zalog-vostok.ru/catalog/napolnye_pokrytiya/linoleum/komfort_spenser_3_4_0m/;https://zalog-vostok.ru/upload/iblock/b47/q8adil0w35sk1p7ja11kaexkb7yugn8l.jpg
Линолеум Tarkett Идиллия Атланта 1 3,0м  / 0,5мм;3285;300;3.7;0.5;КМ5;Tarkett;https://zalog-vostok.ru/catalog/napolnye_pokrytiya/linoleum/idilliya_atlanta_1_3_0m/;https://zalog-vostok.ru/upload/iblock/5ca/jo7phl463dunt2ze007hvwlo5laqiomw.jpg
Линолеум Tarkett Идиллия Крафт 1 3,5м  / 0,5мм;4624;350;3.7;0.5;КМ5;Tarkett;https://zalog-vostok.ru/catalog/napolnye_pokrytiya/linoleum/idilliya_kraft_1_3_5m/;https://zalog-vostok.ru/upload/iblock/6b7/lt1ujcubmhnjoe9xaa2x1b8r6w6ed8ut.jpg
Линолеум Tarkett Идиллия Танго 3 2,5м  / 0,5мм;2738;250;3.7;0.5;КМ5;Tarkett;https://zalog-vostok.ru/catalog/napolnye_pokrytiya/linoleum/idilliya_tango_3_2_5m/;https://zalog-vostok.ru/upload/iblock/df0/oe3v5fyyz0o9vpb6woja9qr6hkvwl3tq.jpg
Линолеум Tarkett Идиллия Оксфорд 2 2,5м  / 0,5мм;2738;250;3.7;0.5;КМ5;Tarkett;https://zalog-vostok.ru/catalog/napolnye_pokrytiya/linoleum/idilliya_oksford_2_2_5m/;https://zalog-vostok.ru/upload/iblock/2b4/zt5ia2w6zsh3kxshl47ehnhoq6mqhzo5.jpg
Линолеум Tarkett Идиллия Корпус 4 3,5м  / 0,5мм;3791;350;3.7;0.5;КМ5;Tarkett;https://zalog-vostok.ru/catalog/napolnye_pokrytiya/linoleum/idilliya_korpus_4_3_5m/;https://zalog-vostok.ru/upload/resize_cache/iblock/857/450_450_140cd750bba9870f18aada2478b24840a/va2z83yoclki12hphp55hre2cym0irgr.jpeg
Линолеум Tarkett Идиллия Корпус 4 3,0м  / 0,5мм;3285;300;3.7;0.5;КМ5;Tarkett;https://zalog-vostok.ru/catalog/napolnye_pokrytiya/linoleum/idilliya_korpus_4_3_0m/;https://zalog-vostok.ru/upload/resize_cache/iblock/1ae/450_450_140cd750bba9870f18aada2478b24840a/umr863o6rddvxmgy9a049lhs9ybtqqyf.jpeg
Линолеум Tarkett Идиллия Танго 4 3,5м  / 0,5мм;3833;350;3.7;0.5;КМ5;Tarkett;https://zalog-vostok.ru/catalog/napolnye_pokrytiya/linoleum/idilliya_tango_4_3_5m/;https://zalog-vostok.ru/upload/iblock/62b/vo9bviuhagz3rc5g6w3pghjpks29mrdp.jpg
Линолеум Tarkett Идиллия Оксфорд 1 4,0м  / 0,5мм;4380;400;3.7;0.5;КМ5;Tarkett;https://zalog-vostok.ru/catalog/napolnye_pokrytiya/linoleum/idilliya_oksford_1_4_0m/;https://zalog-vostok.ru/upload/resize_cache/iblock/639/450_450_140cd750bba9870f18aada2478b24840a/u30uancfj7ydam1ufy5lyu9cvm4enywo.jpg
Линолеум Tarkett Идиллия Танго 3 3,5м  / 0,5мм;3833;350;3.7;0.5;КМ5;Tarkett;https://zalog-vostok.ru/catalog/napolnye_pokrytiya/linoleum/idilliya_tango_3_3_5m/;https://zalog-vostok.ru/upload/iblock/64e/nub7yq6hbzq1sf92zyxc0hzs2zkuwg1k.jpg
Линолеум Tarkett Идиллия Оксфорд 2 4,0м  / 0,5мм;4380;400;3.7;0.5;КМ5;Tarkett;https://zalog-vostok.ru/catalog/napolnye_pokrytiya/linoleum/idilliya_oksford_2_4_0m/;https://zalog-vostok.ru/upload/iblock/a74/bbgrpf7w3ctl7hyv6lvhbkw9zkqhz1v9.jpg
Линолеум Tarkett Идиллия Танго 3 4,0м  / 0,5мм;4380;400;3.7;0.5;КМ5;Tarkett;https://zalog-vostok.ru/catalog/napolnye_pokrytiya/linoleum/idilliya_tango_3_4_0m/;https://zalog-vostok.ru/upload/iblock/d1c/hekvc3xqmyoppfrqfxqnp7uh8zbjpsvp.jpg
Линолеум Tarkett Идиллия Танго 3 3,0м  / 0,5мм;3285;300;3.7;0.5;КМ5;Tarkett;https://zalog-vostok.ru/catalog/napolnye_pokrytiya/linoleum/idilliya_tango_3_3_0m/;https://zalog-vostok.ru/upload/iblock/d15/zyz1sq47bybndb3ytwu1oaa5736tnqwf.jpg
Линолеум Tarkett Идиллия Чарльстон 1 3,5м  / 0,5мм;2541;350;3.7;0.5;КМ5;Tarkett;https://zalog-vostok.ru/catalog/napolnye_pokrytiya/linoleum/idilliya_charlston_1_3_5m_kh/;https://zalog-vostok.ru/upload/resize_cache/iblock/860/450_450_140cd750bba9870f18aada2478b24840a/e3du7i5xpru3q5od55o7eztl83dv8xhh.jpg
Линолеум Tarkett Идиллия Оксфорд 1 3,5м  / 0,5мм;3833;350;3.7;0.5;КМ5;Tarkett;https://zalog-vostok.ru/catalog/napolnye_pokrytiya/linoleum/idilliya_oksford_1_3_5m/;https://zalog-vostok.ru/upload/resize_cache/iblock/12d/450_450_140cd750bba9870f18aada2478b24840a/vp9eh4ltfbcjyvfvdsoh6g2bwqoqmy1g.jpg
Линолеум Tarkett Идиллия Оксфорд 2 3,0м  / 0,5мм;3285;300;3.7;0.5;КМ5;Tarkett;https://zalog-vostok.ru/catalog/napolnye_pokrytiya/linoleum/idilliya_oksford_2_3_0m/;https://zalog-vostok.ru/upload/iblock/bda/aj7fkeytsz2k3ejttraz6pagq31446wx.jpg
Линолеум Tarkett Идиллия Оксфорд 1 3,0м  / 0,5мм;3285;300;3.7;0.5;КМ5;Tarkett;https://zalog-vostok.ru/catalog/napolnye_pokrytiya/linoleum/idilliya_oksford_1_3_0m/;https://zalog-vostok.ru/upload/resize_cache/iblock/9bf/450_450_140cd750bba9870f18aada2478b24840a/42qu3hxvup0qp1uflw33cmrui3ez8aff.jpg
Линолеум Tarkett Идиллия Кент 2 3,0м   / 0,5мм;4624;300;3.7;0.5;КМ5;Tarkett;https://zalog-vostok.ru/catalog/napolnye_pokrytiya/linoleum/idilliya_kent_2_3_0m_kh/;https://zalog-vostok.ru/upload/iblock/f97/iw8pqrx7mzxt8hzf23n08e1zjk616xjt.jpg
Линолеум Tarkett Идиллия Танго 4 3,0м  / 0,5мм;3285;300;3.7;0.5;КМ5;Tarkett;https://zalog-vostok.ru/catalog/napolnye_pokrytiya/linoleum/idilliya_tango_4_3_0m/;https://zalog-vostok.ru/upload/iblock/918/imkyzld27fykl19770nrdnr8e7ujsels.jpg
Линолеум Tarkett Идиллия Оксфорд 2 3,5м  / 0,5мм;3833;350;3.7;0.5;КМ5;Tarkett;https://zalog-vostok.ru/catalog/napolnye_pokrytiya/linoleum/idilliya_oksford_2_3_5m/;https://zalog-vostok.ru/upload/iblock/c4d/tbfiwzehqjr5tjd40qub7gjjlkpv86jh.jpg
Линолеум Tarkett Идиллия Танго 4 4,0м  / 0,5мм;4380;400;3.7;0.5;КМ5;Tarkett;https://zalog-vostok.ru/catalog/napolnye_pokrytiya/linoleum/idilliya_tango_4_4_0m/;https://zalog-vostok.ru/upload/iblock/7cc/gpv8qhp1cdkdly8hh6r95wj33b32k90p.jpg
Линолеум Tarkett Идиллия Атланта 1 4,0м  / 0,5мм;4380;400;3.7;0.5;КМ5;Tarkett;https://zalog-vostok.ru/catalog/napolnye_pokrytiya/linoleum/idilliya_atlanta_1_4_0m/;https://zalog-vostok.ru/upload/iblock/c43/dwn2s8927xvtwylnvylekoqogyd5x5lr.jpg
Линолеум Tarkett Идиллия Атланта 1 2,5м  / 0,5мм;2738;250;3.7;0.5;КМ5;Tarkett;https://zalog-vostok.ru/catalog/napolnye_pokrytiya/linoleum/idilliya_atlanta_1_2_5m/;https://zalog-vostok.ru/upload/iblock/0b9/52jdpxfqdc1stqy0hs4rvybx4jaqm7tl.jpg
Линолеум Tarkett Идиллия Атланта 2 3,5м  / 0,5мм;3833;350;3.7;0.5;КМ5;Tarkett;https://zalog-vostok.ru/catalog/napolnye_pokrytiya/linoleum/idilliya_atlanta_2_3_5m/;https://zalog-vostok.ru/upload/resize_cache/iblock/3ca/450_450_140cd750bba9870f18aada2478b24840a/ip995zo6jslg22k6u022423zrttqajdl.jpg
Линолеум Tarkett Идиллия Атланта 2 3,0м  / 0,5мм;3285;300;3.7;0.5;КМ5;Tarkett;https://zalog-vostok.ru/catalog/napolnye_pokrytiya/linoleum/idilliya_atlanta_2_3_0m/;https://zalog-vostok.ru/upload/resize_cache/iblock/1bf/450_450_140cd750bba9870f18aada2478b24840a/5ftwu4a0b71kslhsoijbxym1ir9oy72c.jpg
Линолеум Tarkett Идиллия Оксфорд 1 2,5м  / 0,5мм;2738;250;3.7;0.5;КМ5;Tarkett;https://zalog-vostok.ru/catalog/napolnye_pokrytiya/linoleum/idilliya_oksford_1_2_5m/;https://zalog-vostok.ru/upload/resize_cache/iblock/e3d/450_450_140cd750bba9870f18aada2478b24840a/e2szh684env2bgcc156j5pwvdk9l9h17.jpg
Линолеум Tarkett Идиллия Танго 4 2,5м  / 0,5мм;2738;400;3.7;0.5;КМ5;Tarkett;https://zalog-vostok.ru/catalog/napolnye_pokrytiya/linoleum/idilliya_tango_4_2_5m/;https://zalog-vostok.ru/upload/resize_cache/webp/iblock/8e6/a9tmwdj1hkqmdh99d2dzzd976mke5odp.webp
Линолеум Tarkett Идиллия Атланта 1 3,5м  / 0,5мм;3833;350;3.7;0.5;КМ5;Tarkett;https://zalog-vostok.ru/catalog/napolnye_pokrytiya/linoleum/idilliya_atlanta_1_3_5m/;https://zalog-vostok.ru/upload/iblock/09c/wd26aitjey3eu2lm04ms0vf7gatukssu.jpg
Линолеум Tarkett Гранд Астон 2 - 3,5м  / 0,3мм;3710;350;4.5;0.3;КМ5;Tarkett;https://zalog-vostok.ru/catalog/napolnye_pokrytiya/linoleum/grand_aston_2_3_5m/;https://zalog-vostok.ru/upload/resize_cache/iblock/87d/450_450_140cd750bba9870f18aada2478b24840a/gurzls0c7e5g8zhc8sdmx0kn2pwkcpx1.jpg
Линолеум Tarkett Гранд Астон 1 - 3,5м  / 0,3мм;3710;350;4.5;0.3;КМ5;Tarkett;https://zalog-vostok.ru/catalog/napolnye_pokrytiya/linoleum/grand_aston_1_3_5m/;https://zalog-vostok.ru/upload/resize_cache/iblock/5b8/450_450_140cd750bba9870f18aada2478b24840a/uxjhgajadaf2psv1fu3lsttbteqm1akp.jpg
Линолеум Tarkett Гранд Покер 2 3,5м  / 0,4мм;3710;350;4.5;0.4;КМ5;Tarkett;https://zalog-vostok.ru/catalog/napolnye_pokrytiya/linoleum/grand_poker_2_3_5m/;https://zalog-vostok.ru/upload/resize_cache/iblock/eea/450_450_140cd750bba9870f18aada2478b24840a/lt73xevfywtw6uc2e2avh3k7axmkxcuj.jpg
Линолеум Tarkett Гранд Покер 2 3,0м  / 0,4мм;3180;300;4.5;0.4;КМ5;Tarkett;https://zalog-vostok.ru/catalog/napolnye_pokrytiya/linoleum/grand_poker_2_3_0m/;https://zalog-vostok.ru/upload/resize_cache/iblock/5fa/450_450_140cd750bba9870f18aada2478b24840a/s91cm1l2p616etnsuqw3x36otggw7tw3.jpg
Линолеум Tarkett Гранд Сохо 3 3м  / 0,4мм;3180;300;4.5;0.4;КМ5;Tarkett;https://zalog-vostok.ru/catalog/napolnye_pokrytiya/linoleum/grand_sokho_3_3m/;https://zalog-vostok.ru/upload/resize_cache/iblock/789/450_450_140cd750bba9870f18aada2478b24840a/i5eyqr843n6yx353o124or4e7p1yzd1m.jpg
Линолеум Tarkett Гранд Давос 1 3,5м  / 0,3мм;3710;350;4.5;0.3;КМ5;Tarkett;https://zalog-vostok.ru/catalog/napolnye_pokrytiya/linoleum/grand_davos_1_3_5m/;https://zalog-vostok.ru/upload/resize_cache/iblock/646/450_450_140cd750bba9870f18aada2478b24840a/ihh42zy0777spna9freyb7qr1w9z3no9.jpg
Линолеум Tarkett Гранд Давос 1 2,5м  / 0,3мм;2650;250;4.5;0.3;КМ5;Tarkett;https://zalog-vostok.ru/catalog/napolnye_pokrytiya/linoleum/grand_davos_1_2_5m/;https://zalog-vostok.ru/upload/resize_cache/iblock/188/450_450_140cd750bba9870f18aada2478b24840a/dm08djogxh7j2qmhhkmftba3x5vonnz4.jpg
Линолеум Tarkett Гранд Джакарта 1 2,5м  / 0,3мм;2650;250;4.5;0.3;КМ5;Tarkett;https://zalog-vostok.ru/catalog/napolnye_pokrytiya/linoleum/grand_dzhakarta_1_2_5m/;https://zalog-vostok.ru/upload/resize_cache/iblock/be1/450_450_140cd750bba9870f18aada2478b24840a/jg5emitibiogpkii0y2xsl8tqy7dxda4.jpg
Линолеум Tarkett Гранд Джакарта 1 3,5м  / 0,3мм;3710;350;4.5;0.3;КМ5;Tarkett;https://zalog-vostok.ru/catalog/napolnye_pokrytiya/linoleum/grand_dzhakarta_1_3_5m/;https://zalog-vostok.ru/upload/resize_cache/iblock/bb4/450_450_140cd750bba9870f18aada2478b24840a/qfd8rg0dsendmds12om355a91obphhb6.jpg
Линолеум Tarkett Гранд Джакарта 1 3,0м  / 0,3мм;3180;300;4.5;0.3;КМ5;Tarkett;https://zalog-vostok.ru/catalog/napolnye_pokrytiya/linoleum/grand_dzhakarta_1_3_0m/;https://zalog-vostok.ru/upload/resize_cache/iblock/5bf/450_450_140cd750bba9870f18aada2478b24840a/jitdt7sgiomlw1g6zo5bzk8bk8bne00u.jpg
Линолеум Tarkett Гранд Астон 2 - 2,5м  / 0,3мм;2650;250;4.5;0.3;КМ5;Tarkett;https://zalog-vostok.ru/catalog/napolnye_pokrytiya/linoleum/grand_aston_2_2_5m/;https://zalog-vostok.ru/upload/resize_cache/iblock/e8a/450_450_140cd750bba9870f18aada2478b24840a/wuf55sdwm929chv3vuqojmkwhgu1fga1.jpg
Линолеум Tarkett Гранд Астон 1 - 2,5м  / 0,3мм;2650;250;4.5;0.3;КМ5;Tarkett;https://zalog-vostok.ru/catalog/napolnye_pokrytiya/linoleum/grand_aston_1_2_5m/;https://zalog-vostok.ru/upload/resize_cache/iblock/606/450_450_140cd750bba9870f18aada2478b24840a/c2kjy5o6lr9yq35p4yd4r0lnfcy02q2b.jpg
Линолеум Tarkett Гранд Астон 2 - 3,0м  / 0,3мм;3180;300;4.5;0.3;КМ5;Tarkett;https://zalog-vostok.ru/catalog/napolnye_pokrytiya/linoleum/grand_aston_2_3_0m/;https://zalog-vostok.ru/upload/resize_cache/iblock/3b6/450_450_140cd750bba9870f18aada2478b24840a/toe6zseetybtmi4bc100r5v52g1t1ftw.jpg
Линолеум Tarkett Гранд Астон 1 - 3,0м  / 0,3мм;3180;300;4.5;0.3;КМ5;Tarkett;https://zalog-vostok.ru/catalog/napolnye_pokrytiya/linoleum/grand_aston_1_3_0m/;https://zalog-vostok.ru/upload/resize_cache/iblock/e31/450_450_140cd750bba9870f18aada2478b24840a/bs8f806y21caxg9xxttec5mdlzffv5vx.jpg
Линолеум Tarkett Дискавери Итака 1 3,0м  / 0,3мм;2040;300;3.5;0.3;КМ5;Tarkett;https://zalog-vostok.ru/catalog/napolnye_pokrytiya/linoleum/diskaveri_itaka_1_3_0m/;https://zalog-vostok.ru/upload/resize_cache/iblock/d31/450_450_140cd750bba9870f18aada2478b24840a/lutzefg0nskho13vqfzr43dp3o0bm9t3.jpg
Линолеум  Дискавери Калифорния 1 3,1м  / 0,3мм;2155;310;3.5;0.3;КМ5;;https://zalog-vostok.ru/catalog/napolnye_pokrytiya/linoleum/diskaveri_kaliforniya_1_3_1m/;https://zalog-vostok.ru/upload/resize_cache/iblock/65b/450_450_140cd750bba9870f18aada2478b24840a/bk3nwkkzvc3otc35efiqa2yz2tw2hq7p.jpg
Линолеум Tarkett Дискавери Аляска 1 3,5м  / 0,3мм;3273;350;3.5;0.3;КМ5;Tarkett;https://zalog-vostok.ru/catalog/napolnye_pokrytiya/linoleum/diskaveri_alyaska_1_3_5m/;https://zalog-vostok.ru/upload/resize_cache/iblock/e51/450_450_140cd750bba9870f18aada2478b24840a/fe8i20p73eqr5nmxpmc0awueam0vfxaz.jpg
Линолеум Tarkett Дискавери Калифорния 1 2,5м  / 0,3мм;2338;250;3.5;0.3;КМ5;Tarkett;https://zalog-vostok.ru/catalog/napolnye_pokrytiya/linoleum/diskaveri_kaliforniya_1_2_5m/;https://zalog-vostok.ru/upload/resize_cache/iblock/4c7/450_450_140cd750bba9870f18aada2478b24840a/oke6dyrxpklivxocxygnodd35apr2jku.jpg
Линолеум Tarkett Дискавери Дублин 2 3,5м  / 0,3мм;3273;350;3.5;0.3;КМ5;Tarkett;https://zalog-vostok.ru/catalog/napolnye_pokrytiya/linoleum/diskaveri_dublin_2_3_5m/;https://zalog-vostok.ru/upload/resize_cache/iblock/7e4/450_450_140cd750bba9870f18aada2478b24840a/vl3a5je78rfc44xvkacpfspdmazpyxgz.jpg
Линолеум Tarkett Дискавери Дублин 2 3,0м  / 0,3мм;2805;300;3.5;0.3;КМ5;Tarkett;https://zalog-vostok.ru/catalog/napolnye_pokrytiya/linoleum/diskaveri_dublin_2_3_0m/;https://zalog-vostok.ru/upload/resize_cache/iblock/dc6/450_450_140cd750bba9870f18aada2478b24840a/653ezcr2jusobfo3r140jzi9d6boalal.jpg
Линолеум Tarkett Дискавери Киото 2 3,5м  / 0,3мм;3273;350;3.5;0.3;КМ5;Tarkett;https://zalog-vostok.ru/catalog/napolnye_pokrytiya/linoleum/diskaveri_kioto_2_3_5m/;https://zalog-vostok.ru/upload/resize_cache/iblock/f0b/450_450_140cd750bba9870f18aada2478b24840a/1mjbn1oqzk1dz90fnk0jx1m65vnkaikj.jpg
Линолеум Tarkett Дискавери Калифорния 1 3,5м  / 0,3мм;3273;350;3.5;0.3;КМ5;Tarkett;https://zalog-vostok.ru/catalog/napolnye_pokrytiya/linoleum/diskaveri_kaliforniya_1_3_5m/;https://zalog-vostok.ru/upload/resize_cache/iblock/8a4/450_450_140cd750bba9870f18aada2478b24840a/wijbwa2czybrswg6alifb6arc39zs1ft.jpg
Линолеум Tarkett Дискавери Киото 2 3,0м  / 0,3мм;2805;300;3.5;0.3;КМ5;Tarkett;https://zalog-vostok.ru/catalog/napolnye_pokrytiya/linoleum/diskaveri_kioto_2_3_0m/;https://zalog-vostok.ru/upload/resize_cache/iblock/058/450_450_140cd750bba9870f18aada2478b24840a/jj27qz5pl15lwke6zr9s1iii3cahgmoa.jpg
Линолеум Tarkett Дискавери Калифорния 1 3,0м  / 0,3мм;2805;300;3.5;0.3;КМ5;Tarkett;https://zalog-vostok.ru/catalog/napolnye_pokrytiya/linoleum/diskaveri_kaliforniya_1_3_0m/;https://zalog-vostok.ru/upload/resize_cache/iblock/d0c/450_450_140cd750bba9870f18aada2478b24840a/p1ut0ek4vctxw1h4j2iyb35whq00u27c.jpg
Линолеум Tarkett Дискавери Дублин 2 2,5м  / 0,3мм;2338;250;3.5;0.3;КМ5;Tarkett;https://zalog-vostok.ru/catalog/napolnye_pokrytiya/linoleum/diskaveri_dublin_2_2_5m/;https://zalog-vostok.ru/upload/resize_cache/iblock/06a/450_450_140cd750bba9870f18aada2478b24840a/tl9d9zy1v5t548mzrx8qamhvbx28e3zg.jpg
Линолеум Tarkett Дискавери Аляска 1 2,5м  / 0,3мм;2338;250;3.5;0.3;КМ5;Tarkett;https://zalog-vostok.ru/catalog/napolnye_pokrytiya/linoleum/diskaveri_alyaska_1_2_5m/;https://zalog-vostok.ru/upload/resize_cache/iblock/8d3/450_450_140cd750bba9870f18aada2478b24840a/82fwhmsoh8lfv40xutt13ar1h60x6ol5.jpg
Линолеум Tarkett Дискавери Дублин 2 4,0м  / 0,3мм;3392;400;3.5;0.3;КМ5;Tarkett;https://zalog-vostok.ru/catalog/napolnye_pokrytiya/linoleum/diskaveri_dublin_2_4_0m/;https://zalog-vostok.ru/upload/resize_cache/iblock/2a4/450_450_140cd750bba9870f18aada2478b24840a/udylvbyl2vw7xeeufqkg60xmlg4hlse5.jpg
Линолеум Tarkett Дискавери Киото 2 2,5м  / 0,3мм;2338;250;3.5;0.3;КМ5;Tarkett;https://zalog-vostok.ru/catalog/napolnye_pokrytiya/linoleum/diskaveri_kioto_2_2_5m/;https://zalog-vostok.ru/upload/resize_cache/iblock/879/450_450_140cd750bba9870f18aada2478b24840a/olo1secx9mbumb55q40f170s111639dz.jpg
Линолеум Tarkett Дискавери Орландо 1 3,0 м  / 0,3мм;1992;300;3.5;0.3;КМ5;Tarkett;https://zalog-vostok.ru/catalog/napolnye_pokrytiya/linoleum/diskaveri_orlando_1_3_0_m/;https://zalog-vostok.ru/upload/resize_cache/iblock/5f2/450_450_140cd750bba9870f18aada2478b24840a/7i2a0q4jkhklq6vydu7l04a9ecronin2.jpeg
Линолеум Tarkett Империал Эвита 1 3,0м  / 0,3мм;1819;300;3.2;0.3;КМ5;Tarkett;https://zalog-vostok.ru/catalog/napolnye_pokrytiya/linoleum/imperial_evita_1_3_0m/;https://zalog-vostok.ru/upload/resize_cache/iblock/2b4/450_450_140cd750bba9870f18aada2478b24840a/3bgweobm5950iv0s3jmg3ugd3l5kx0nr.jpg
Линолеум Tarkett Дельта Сорбона 4 2,5м / 0,15мм;1275;250;2.5;0.15;КМ5;Tarkett;https://zalog-vostok.ru/catalog/napolnye_pokrytiya/linoleum/delta_sorbona_4_2_5m_dublikat_86/;https://zalog-vostok.ru/upload/resize_cache/iblock/625/450_450_140cd750bba9870f18aada2478b24840a/i5xpfcfvhlzx0mmy1a3088lu3p80hqu4.jpg
Линолеум Tarkett Дельта Сорбона 4 4,0м  / 0,15мм;2040;400;2.5;0.15;КМ5;Tarkett;https://zalog-vostok.ru/catalog/napolnye_pokrytiya/linoleum/delta_sorbona_4_4_0m/;https://zalog-vostok.ru/upload/resize_cache/iblock/80a/450_450_140cd750bba9870f18aada2478b24840a/gwt6tusp0bmqqien0e70o32kpejvwxa2.jpg
Линолеум Tarkett Дельта Азов 1 3,0м  / 0,15мм;1530;300;2.5;0.15;КМ5;Tarkett;https://zalog-vostok.ru/catalog/napolnye_pokrytiya/linoleum/delta_azov_1_3_0m/;https://zalog-vostok.ru/upload/resize_cache/iblock/f7d/450_450_140cd750bba9870f18aada2478b24840a/0u2q1s0q4adzos1mo555l1jr1k5yu194.jpg
Линолеум Tarkett Дельта Сорбона 3 4,0м  / 0,15мм;2040;400;2.5;0.15;КМ5;Tarkett;https://zalog-vostok.ru/catalog/napolnye_pokrytiya/linoleum/delta_sorbona_3_4_0m/;https://zalog-vostok.ru/upload/resize_cache/iblock/eb6/450_450_140cd750bba9870f18aada2478b24840a/dgnh9x65ynl820cr3lvkp1z93ryapxap.jpg
Линолеум Tarkett Дельта Сорбона 3 3,5м  / 0,15мм;1785;350;2.5;0.15;КМ5;Tarkett;https://zalog-vostok.ru/catalog/napolnye_pokrytiya/linoleum/delta_sorbona_3_3_5m/;https://zalog-vostok.ru/upload/resize_cache/iblock/e59/450_450_140cd750bba9870f18aada2478b24840a/2wqekeyixy4ls4ckg7l3oy2bxpqa9wc0.jpg
Линолеум Tarkett Дельта Сорбона 4 3,0м  / 0,15мм;1530;300;2.5;0.15;КМ5;Tarkett;https://zalog-vostok.ru/catalog/napolnye_pokrytiya/linoleum/delta_sorbona_4_3_0m/;https://zalog-vostok.ru/upload/resize_cache/iblock/dfb/450_450_140cd750bba9870f18aada2478b24840a/h877o02tsl7jssrnau17bff7p58q4nca.jpg
Линолеум Tarkett Дельта Сорбона 4 3,5м  / 0,15мм;1785;350;2.5;0.15;КМ5;Tarkett;https://zalog-vostok.ru/catalog/napolnye_pokrytiya/linoleum/delta_sorbona_4_3_5m/;https://zalog-vostok.ru/upload/resize_cache/iblock/b74/450_450_140cd750bba9870f18aada2478b24840a/sm8ndmzpxj2w0yq7jxj0ffdioboz5haj.jpg
Линолеум Tarkett Дельта Сорбона 3 2,5м  / 0,15мм;1275;250;2.5;0.15;КМ5;Tarkett;https://zalog-vostok.ru/catalog/napolnye_pokrytiya/linoleum/delta_sorbona_3_2_5m/;https://zalog-vostok.ru/upload/resize_cache/iblock/9b3/450_450_140cd750bba9870f18aada2478b24840a/z0777c8mfi4o1rhmcj3qme6ci6o5adrd.jpg
Линолеум  Бонус Болтон 1 4,0 м  / 0,4мм;2560;400;2.0;0.4;КМ5;;https://zalog-vostok.ru/catalog/napolnye_pokrytiya/linoleum/bonus_bolton_1_4_0_m/;https://zalog-vostok.ru/upload/resize_cache/iblock/6a6/450_450_140cd750bba9870f18aada2478b24840a/6sfl2s1gtfpw5yznc0f56kcdfim61vky.jpg
Линолеум  Бонус Болтон 1 3,5 м  / 0,4мм;2240;350;2.0;0.4;КМ5;;https://zalog-vostok.ru/catalog/napolnye_pokrytiya/linoleum/bonus_bolton_1_3_5_m/;https://zalog-vostok.ru/upload/resize_cache/iblock/73c/450_450_140cd750bba9870f18aada2478b24840a/nqus002ykxgli5fx7skgd18cmv91a5il.jpg
Линолеум  Бонус Болтон 1 3,0 м  / 0,4мм;1920;300;2.0;0.4;КМ5;;https://zalog-vostok.ru/catalog/napolnye_pokrytiya/linoleum/bonus_bolton_1_3_0_m/;https://zalog-vostok.ru/upload/resize_cache/iblock/160/450_450_140cd750bba9870f18aada2478b24840a/ju3l7lyrvrszpf6m10a7x3swpuxxipj0.jpg
Линолеум  Бонус Болтон 1 2,5 м  / 0,4мм;1600;250;2.0;0.4;КМ5;;https://zalog-vostok.ru/catalog/napolnye_pokrytiya/linoleum/bonus_bolton_1_2_5_m/;https://zalog-vostok.ru/upload/resize_cache/iblock/e0b/450_450_140cd750bba9870f18aada2478b24840a/cz7a0eznis7n45bk32il1mhlgisanw90.jpg
Линолеум  Бонус Сорбона 3 3,0 м  / 0,4мм;1920;300;2.0;0.4;КМ5;;https://zalog-vostok.ru/catalog/napolnye_pokrytiya/linoleum/bonus_sorbona_3_3_0_m/;https://zalog-vostok.ru/upload/resize_cache/iblock/073/450_450_140cd750bba9870f18aada2478b24840a/esm3rbfsod8jgijnwv2x0mjcm9ly44jt.jpg
Линолеум  Бонус Сорбона 4 3,0 м  / 0,4мм;1920;300;2.0;0.4;КМ5;;https://zalog-vostok.ru/catalog/napolnye_pokrytiya/linoleum/bonus_sorbona_4_3_0_m/;https://zalog-vostok.ru/upload/resize_cache/iblock/93a/450_450_140cd750bba9870f18aada2478b24840a/rg0aprg3vngo22roxmaptpu1yl5hiy0i.jpg
Линолеум  Бонус Болтон 1 1,5 м  / 0,4мм;960;150;2.0;0.4;КМ5;;https://zalog-vostok.ru/catalog/napolnye_pokrytiya/linoleum/bonus_bolton_1_1_5_m/;https://zalog-vostok.ru/upload/resize_cache/iblock/cb2/450_450_140cd750bba9870f18aada2478b24840a/g2qtmir0y34xhbsg0jolvpluo0qlpe0u.jpg
Линолеум  Бонус Болтон 1 2,0 м  / 0,4мм;1280;200;2.0;0.4;КМ5;;https://zalog-vostok.ru/catalog/napolnye_pokrytiya/linoleum/bonus_bolton_1_2_0_m/;https://zalog-vostok.ru/upload/resize_cache/iblock/427/450_450_140cd750bba9870f18aada2478b24840a/6hcse1xycq9hby0wcjh3jjoxdmba5t95.jpg
Линолеум Tarkett Морзин Гринлайн 854 3,0м  / 0,4мм;1860;300;0;0.4;КМ5;Tarkett;https://zalog-vostok.ru/catalog/napolnye_pokrytiya/linoleum/morzin_grinlayn_854_3_0m/;https://zalog-vostok.ru/upload/resize_cache/iblock/7a8/450_450_140cd750bba9870f18aada2478b24840a/jtuf7ui3hxfslwrs1fwzrvg3idnzmdio.jpg
Линолеум Tarkett Форс Майсон 1 4,0м  / 0,6 мм;3680;400;2.5;0.6;КМ5;Tarkett;https://zalog-vostok.ru/catalog/napolnye_pokrytiya/linoleum/fors_mayson_1_4_0m/;https://zalog-vostok.ru/upload/iblock/924/zl4ncatpv68oim77n9w0ccu30f89itba.jpg
Линолеум Tarkett Форс Майсон 1 3,5м  / 0,6 мм;3220;350;2.5;0.6;КМ5;Tarkett;https://zalog-vostok.ru/catalog/napolnye_pokrytiya/linoleum/fors_mayson_1_3_5m/;https://zalog-vostok.ru/upload/iblock/a67/zr2fi7eiml0odxn7mze01h7ek7z4hk2q.jpg
Линолеум Tarkett Форс Майсон 1 3,0м  / 0,6 мм;2760;300;2.5;0.6;КМ5;Tarkett;https://zalog-vostok.ru/catalog/napolnye_pokrytiya/linoleum/fors_mayson_1_3_0m/;https://zalog-vostok.ru/upload/iblock/7a2/wwhay6jun8ppysk8szkxd5yqtfnwfhxf.jpg
Линолеум Tarkett Форс Майсон 1 2,5м  / 0,6 мм;2300;250;2.5;0.6;КМ5;Tarkett;https://zalog-vostok.ru/catalog/napolnye_pokrytiya/linoleum/fors_mayson_1_2_5m/;https://zalog-vostok.ru/upload/iblock/e11/pfm2otvd4i2u1mq8vo3cdbgnbrt2hpbu.jpg
Линолеум Tarkett Комфорт Харвей 1 3,5 м  / 0,2мм;1855;350;3.0;0.2;КМ5;Tarkett;https://zalog-vostok.ru/catalog/napolnye_pokrytiya/linoleum/komfort_kharvey_1_3_5_m/;https://zalog-vostok.ru/upload/resize_cache/iblock/1c4/450_450_140cd750bba9870f18aada2478b24840a/06odbv7vugv48ukvoqjlyj6ncfr2mj6u.jpg
Линолеум Tarkett Спринт PRO Термини 2 4,0м  / 0,4мм;3660;400;1.8;0.4;КМ2;Tarkett;https://zalog-vostok.ru/catalog/napolnye_pokrytiya/linoleum/sprint_pro_termini_2_4_0m/;https://zalog-vostok.ru/upload/iblock/153/2x96g258ipm0q5m55h2ld8ud482s6dux.jpg
Линолеум Tarkett Спринт PRO Термини 2 3,5м  / 0,4мм;3203;350;1.8;0.4;КМ2;Tarkett;https://zalog-vostok.ru/catalog/napolnye_pokrytiya/linoleum/sprint_pro_termini_2_3_5m/;https://zalog-vostok.ru/upload/iblock/47e/6u3rfnivvcqsz94a7rje2urk3fjto9mp.jpg
Линолеум Tarkett Спринт PRO Термини 2 3,0м  / 0,4мм;2745;300;1.8;0.4;КМ2;Tarkett;https://zalog-vostok.ru/catalog/napolnye_pokrytiya/linoleum/sprint_pro_termini_2_3_0m/;https://zalog-vostok.ru/upload/iblock/913/dqn4yem9khygoj0ub12nw18ievsv84ez.jpg
Линолеум Tarkett Спринт PRO Термини 2 2,5м  / 0,4мм;2288;250;1.8;0.4;КМ2;Tarkett;https://zalog-vostok.ru/catalog/napolnye_pokrytiya/linoleum/sprint_pro_termini_2_2_5m/;https://zalog-vostok.ru/upload/iblock/3cb/96f5jhvyywn97jzurr046toirx9u08u4.jpg
Линолеум Tarkett Каприз Витино 3 2,5 м / 0,25 мм;1973;250;3.0;0.25;КМ5;Tarkett;https://zalog-vostok.ru/catalog/napolnye_pokrytiya/linoleum/kapriz_vitino_3_2_5_m_linoleum/;https://zalog-vostok.ru/upload/iblock/7a9/p8ivijlc8rtjo4x3shmn73f1aiy2zr0r.jpg
Линолеум Tarkett Каприз Витино 1 3,0 м / 0,25 мм;2367;300;3.0;0.25;КМ5;Tarkett;https://zalog-vostok.ru/catalog/napolnye_pokrytiya/linoleum/kapriz_vitino_1_3_0_m_linoleum/;https://zalog-vostok.ru/upload/resize_cache/webp/iblock/e75/a56u2jfoq9badmgfxlpjn31mmx9k6oea.webp
